current_stage,stage_index,state,paf_count,area,open_litigations,resolved_litigations,compensation_pct,days_in_current_stage,prior_stage_avg_days,stage_overrun_ratio,observed_elapsed_days,delay_label,started_day
3H,4,Karnataka,250,106.1,1,2,43.5,163,12.6,2.717,214,1,1459
3A,0,Tamil Nadu,212,50.0,3,0,55.2,18,28.0,0.3,46,1,1459
3C,1,Andhra Pradesh,334,164.8,0,0,40.2,31,37.9,0.344,69,1,1458
3C,1,Tamil Nadu,83,12.8,0,0,47.8,42,58.0,0.467,100,0,1458
3H,4,Madhya Pradesh,63,27.2,0,0,98.5,79,80.2,1.317,400,0,1457
3D,2,Madhya Pradesh,29,5.1,1,0,79.5,65,62.5,0.542,190,0,1457
3D,2,Rajasthan,404,113.8,0,1,51.0,65,21.3,0.542,108,0,1457
3D,2,Karnataka,581,227.0,1,0,53.1,101,25.5,0.842,152,0,1457
3A,0,Madhya Pradesh,140,23.4,1,1,34.8,11,18.8,0.183,30,1,1456
3H,4,Uttar Pradesh,356,170.1,0,0,45.5,67,34.7,1.117,206,0,1455
3G,3,Uttar Pradesh,215,155.0,1,0,62.8,97,43.1,1.078,226,0,1454
3A,0,Uttar Pradesh,528,118.3,2,0,50.4,28,53.5,0.467,81,1,1454
3C,1,Uttar Pradesh,70,15.9,1,0,67.4,14,107.9,0.156,122,0,1453
3A,0,Maharashtra,475,240.3,2,0,43.3,5,30.7,0.083,36,1,1453
3D,2,Andhra Pradesh,156,116.4,0,0,96.6,195,19.5,1.625,234,0,1453
3A,0,Rajasthan,152,95.7,0,0,91.0,39,15.0,0.65,54,0,1453
3H,4,Rajasthan,52,17.2,0,1,63.5,123,36.3,2.05,268,0,1452
3A,0,Karnataka,55,43.0,0,0,48.4,11,20.6,0.183,32,0,1452
3C,1,Tamil Nadu,125,9.5,0,0,51.0,27,27.7,0.3,55,0,1452
3C,1,Rajasthan,57,31.2,0,0,69.1,10,83.2,0.111,93,0,1451
3D,2,Tamil Nadu,79,49.0,0,0,52.0,47,26.2,0.392,99,0,1451
3G,3,Rajasthan,162,40.2,2,1,38.3,246,40.2,2.733,367,1,1450
3C,1,Uttar Pradesh,175,74.9,2,0,77.3,97,65.0,1.078,162,0,1450
3H,4,Karnataka,268,130.3,0,0,89.3,232,37.9,3.867,383,0,1449
3C,1,Madhya Pradesh,69,34.0,0,1,84.9,41,75.3,0.456,116,0,1448
3H,4,Gujarat,49,55.3,1,0,54.7,262,35.2,4.367,403,0,1448
3C,1,Karnataka,50,27.3,0,0,55.6,58,33.6,0.644,92,0,1447
3D,2,Madhya Pradesh,121,37.0,1,0,72.9,44,114.8,0.367,274,0,1447
3G,3,Gujarat,121,71.9,1,2,39.2,190,52.2,2.111,347,1,1447
3H,4,Madhya Pradesh,327,193.3,0,1,62.1,77,23.8,1.283,172,0,1446
3C,1,Karnataka,226,25.4,1,0,35.3,31,39.9,0.344,71,1,1446
3G,3,Rajasthan,144,53.0,0,0,76.4,87,54.3,0.967,250,0,1446
3A,0,Maharashtra,79,37.2,0,2,41.4,9,13.6,0.15,23,0,1445
3H,4,Rajasthan,248,197.1,1,0,67.1,131,27.0,2.183,239,0,1445
3C,1,Uttar Pradesh,54,7.6,1,0,45.4,24,62.8,0.267,87,0,1443
3H,4,Andhra Pradesh,351,176.9,0,1,59.4,68,57.3,1.133,297,0,1443
3H,4,Tamil Nadu,222,156.4,0,0,41.5,15,37.6,0.25,165,1,1443
3D,2,Gujarat,125,46.0,1,0,57.1,192,60.7,1.6,313,1,1443
3D,2,Rajasthan,2004,773.1,1,0,30.3,96,24.4,0.8,145,1,1443
3A,0,Gujarat,986,303.5,2,1,47.5,31,12.7,0.517,44,0,1443
3A,0,Tamil Nadu,324,204.7,2,0,59.8,18,55.4,0.3,73,1,1442
3D,2,Karnataka,138,69.8,0,1,53.4,55,27.3,0.458,110,0,1441
3A,0,Maharashtra,130,78.0,2,0,100.0,32,27.6,0.533,60,0,1440
3E,5,Maharashtra,63,26.7,0,1,65.6,146,13.1,3.244,211,0,1440
3D,2,Uttar Pradesh,129,36.0,2,0,37.4,175,36.1,1.458,247,1,1440
3H,4,Madhya Pradesh,385,185.2,0,0,66.6,164,22.4,2.733,254,0,1440
3G,3,Uttar Pradesh,112,72.9,2,0,27.9,96,28.0,1.067,180,1,1440
3H,4,Gujarat,263,86.5,0,1,52.2,173,13.9,2.883,229,0,1439
3G,3,Gujarat,1162,161.5,3,1,46.3,121,81.1,1.344,364,1,1438
3A,0,Andhra Pradesh,564,73.1,3,1,30.3,27,15.0,0.45,42,1,1437
3A,0,Maharashtra,87,56.7,1,1,64.1,39,34.2,0.65,73,1,1437
3C,1,Madhya Pradesh,580,301.0,1,0,54.6,16,39.4,0.178,55,0,1437
3D,2,Tamil Nadu,58,20.6,1,0,88.3,56,94.0,0.467,244,0,1436
3G,3,Tamil Nadu,183,70.5,1,0,65.0,149,36.4,1.656,258,0,1436
3C,1,Rajasthan,182,27.8,0,1,65.6,79,31.3,0.878,110,0,1436
3D,2,Maharashtra,43,28.5,4,0,39.0,91,54.2,0.758,199,1,1435
3D,2,Gujarat,67,31.7,1,0,83.4,46,86.3,0.383,219,0,1434
3G,3,Rajasthan,114,44.6,0,1,70.0,83,45.1,0.922,218,0,1434
3D,2,Madhya Pradesh,151,87.1,1,0,40.8,109,42.6,0.908,194,1,1434
3A,0,Uttar Pradesh,135,61.9,0,2,59.2,21,30.9,0.35,52,0,1433
3A,0,Gujarat,432,156.8,3,3,19.1,38,15.6,0.633,54,1,1433
3G,3,Andhra Pradesh,179,26.9,1,1,74.9,174,38.8,1.933,290,0,1433
3C,1,Uttar Pradesh,84,15.4,0,0,64.2,41,67.0,0.456,108,0,1432
3C,1,Rajasthan,55,38.0,1,1,78.1,62,96.6,0.689,159,0,1431
3G,3,Tamil Nadu,109,40.5,3,1,54.0,290,47.6,3.222,433,1,1430
3H,4,Madhya Pradesh,103,51.3,0,1,39.0,91,61.2,1.517,336,0,1430
3A,0,Madhya Pradesh,76,60.8,2,0,81.1,29,48.2,0.483,77,0,1429
3G,3,Maharashtra,226,40.7,0,2,41.1,106,28.8,1.178,192,0,1429
3C,1,Karnataka,487,314.5,2,3,43.5,54,29.1,0.6,83,1,1429
3C,1,Andhra Pradesh,41,32.7,0,0,45.2,21,45.5,0.233,66,0,1429
3A,0,Tamil Nadu,173,87.4,0,0,55.0,10,27.9,0.167,38,0,1428
3D,2,Maharashtra,210,66.2,0,2,62.3,93,60.4,0.775,214,0,1428
3C,1,Rajasthan,95,62.9,1,3,62.0,58,109.4,0.644,167,1,1428
3G,3,Madhya Pradesh,475,179.8,0,1,96.9,168,56.9,1.867,339,0,1427
3D,2,Karnataka,223,87.5,2,2,47.0,53,73.1,0.442,199,1,1427
3A,0,Tamil Nadu,402,178.1,1,1,68.2,20,39.2,0.333,59,0,1426
3H,4,Andhra Pradesh,225,129.8,3,1,65.2,281,18.3,4.683,354,0,1425
3A,0,Tamil Nadu,670,386.7,2,0,44.0,19,28.1,0.317,47,1,1425
3G,3,Maharashtra,331,158.3,1,0,72.2,23,74.9,0.256,248,0,1425
3C,1,Gujarat,144,100.3,0,0,62.4,99,49.3,1.1,148,0,1425
3G,3,Andhra Pradesh,247,111.9,0,0,62.3,110,37.2,1.222,222,0,1424
3H,4,Maharashtra,137,83.1,2,0,62.7,327,56.8,5.45,554,1,1424
3C,1,Rajasthan,21,3.0,0,2,65.0,22,38.9,0.244,61,0,1424
3D,2,Andhra Pradesh,93,36.6,1,1,55.3,93,51.6,0.775,196,1,1424
3C,1,Andhra Pradesh,62,34.8,0,0,81.8,12,103.6,0.133,116,0,1423
3G,3,Uttar Pradesh,76,39.6,1,0,51.1,87,23.0,0.967,156,0,1422
3G,3,Rajasthan,51,6.2,1,0,65.1,95,10.5,1.056,127,0,1421
3A,0,Karnataka,40,29.8,2,2,70.7,10,52.5,0.167,63,1,1421
3C,1,Maharashtra,300,104.9,3,1,40.2,64,72.0,0.711,136,1,1420
3A,0,Uttar Pradesh,127,23.7,1,0,20.2,12,19.0,0.2,31,1,1420
3D,2,Uttar Pradesh,193,96.2,2,0,63.7,104,93.8,0.867,292,1,1420
3D,2,Karnataka,80,25.0,0,1,80.0,59,57.7,0.492,174,0,1420
3C,1,Madhya Pradesh,29,22.1,0,0,66.9,80,57.2,0.889,137,0,1419
3E,5,Rajasthan,83,16.5,0,1,62.7,150,43.3,3.333,367,0,1418
3H,4,Uttar Pradesh,77,27.5,2,3,59.0,128,73.2,2.133,421,1,1418
3H,4,Tamil Nadu,228,154.7,1,0,68.8,25,92.0,0.417,393,0,1418
3D,2,Gujarat,224,108.3,1,0,36.0,137,12.3,1.142,162,1,1417
3C,1,Tamil Nadu,48,8.2,2,0,22.3,26,64.5,0.289,90,1,1417
3G,3,Karnataka,78,36.9,1,0,47.6,149,64.6,1.656,343,0,1416
3G,3,Gujarat,31,17.5,2,0,62.7,43,130.0,0.478,433,1,1415
3D,2,Uttar Pradesh,150,112.5,0,0,28.8,37,32.5,0.308,102,1,1414
3C,1,Gujarat,106,65.7,0,0,78.8,59,49.9,0.656,109,0,1413
3E,5,Gujarat,222,158.3,5,2,30.3,62,86.3,1.378,493,1,1413
3D,2,Andhra Pradesh,94,50.9,0,0,76.8,117,58.6,0.975,234,0,1412
3G,3,Andhra Pradesh,55,23.1,1,1,80.7,295,48.3,3.278,440,0,1412
3C,1,Rajasthan,135,72.2,2,0,29.0,33,75.4,0.367,108,1,1412
3H,4,Maharashtra,40,3.0,0,0,32.3,12,57.3,0.2,241,1,1411
3G,3,Rajasthan,206,16.6,0,1,46.7,150,29.4,1.667,238,1,1411
3C,1,Madhya Pradesh,220,108.6,2,0,67.3,94,103.9,1.044,198,1,1411
3G,3,Gujarat,52,28.0,1,3,40.6,166,61.3,1.844,350,1,1409
3D,2,Gujarat,532,479.0,0,0,55.9,64,47.4,0.533,159,0,1409
3G,3,Andhra Pradesh,52,26.5,1,0,45.5,22,43.3,0.244,152,0,1409
3C,1,Rajasthan,91,28.9,1,0,39.2,22,48.7,0.244,71,1,1408
3D,2,Tamil Nadu,68,19.5,0,1,59.9,10,98.4,0.083,207,0,1407
3C,1,Tamil Nadu,622,343.6,0,2,86.8,42,89.4,0.467,131,0,1406
3D,2,Karnataka,56,13.6,0,0,76.4,66,75.5,0.55,217,0,1406
3G,3,Uttar Pradesh,621,313.1,1,1,42.8,36,41.0,0.4,159,1,1405
3D,2,Gujarat,723,277.9,1,0,67.8,135,55.5,1.125,246,1,1403
3C,1,Andhra Pradesh,28,44.6,1,0,64.2,77,17.7,0.856,95,0,1402
3D,2,Karnataka,281,13.5,1,1,64.2,64,120.6,0.533,305,0,1402
3C,1,Madhya Pradesh,49,45.1,0,0,54.8,77,67.3,0.856,144,1,1401
3G,3,Andhra Pradesh,112,53.0,4,1,15.9,113,58.5,1.256,289,1,1400
3D,2,Andhra Pradesh,70,34.3,1,0,47.6,49,58.3,0.408,166,1,1397
3G,3,Uttar Pradesh,526,266.1,1,0,38.4,66,29.4,0.733,154,1,1397
3E,5,Maharashtra,199,74.5,0,0,43.8,38,24.8,0.844,162,0,1396
3H,4,Andhra Pradesh,107,29.5,0,0,64.1,124,40.0,2.067,284,0,1396
3D,2,Madhya Pradesh,63,21.2,1,1,76.1,49,71.2,0.408,191,0,1395
3E,5,Karnataka,246,79.9,0,0,49.5,140,26.9,3.111,275,0,1395
3G,3,Gujarat,246,105.1,0,1,56.4,39,22.5,0.433,106,0,1395
3G,3,Andhra Pradesh,74,32.8,1,0,71.6,225,89.0,2.5,492,1,1395
3C,1,Uttar Pradesh,119,108.1,3,2,52.7,37,133.7,0.411,171,1,1394
3E,5,Tamil Nadu,215,74.7,1,1,58.5,107,27.7,2.378,246,0,1394
3C,1,Tamil Nadu,68,3.0,0,0,51.2,48,33.1,0.533,81,0,1394
3A,0,Maharashtra,62,49.1,0,1,59.3,16,10.7,0.267,27,0,1394
3D,2,Uttar Pradesh,237,69.3,0,0,84.1,177,32.0,1.475,241,0,1392
3E,5,Rajasthan,600,250.0,2,2,67.0,288,57.1,6.4,574,0,1392
3C,1,Andhra Pradesh,52,13.4,2,1,51.7,30,50.8,0.333,81,1,1391
3A,0,Karnataka,139,91.4,0,0,78.3,31,27.9,0.517,59,1,1391
3E,5,Andhra Pradesh,108,56.1,0,0,68.5,76,64.7,1.689,399,0,1391
3H,4,Tamil Nadu,113,54.5,0,1,44.8,194,6.3,3.233,219,0,1390
3C,1,Gujarat,138,121.3,0,0,51.6,44,18.3,0.489,62,0,1390
3A,0,Andhra Pradesh,171,38.8,2,2,56.7,35,38.1,0.583,73,1,1390
3D,2,Maharashtra,600,339.4,0,1,85.1,137,62.6,1.142,262,0,1389
3D,2,Gujarat,106,70.0,0,1,51.1,39,57.1,0.325,153,0,1389
3H,4,Maharashtra,116,64.9,0,2,80.4,112,71.8,1.867,399,0,1387
3E,5,Karnataka,157,29.2,1,0,62.8,217,34.2,4.822,388,1,1387
3A,0,Madhya Pradesh,69,38.5,0,0,41.5,9,12.3,0.15,21,0,1387
3A,0,Tamil Nadu,401,69.9,1,2,68.5,43,11.7,0.717,55,0,1386
3D,2,Karnataka,92,57.3,0,0,66.5,74,39.9,0.617,154,0,1383
3H,4,Madhya Pradesh,204,108.0,0,0,64.6,201,31.4,3.35,326,0,1383
3C,1,Madhya Pradesh,754,279.2,1,0,41.2,41,38.6,0.456,80,1,1383
3D,2,Rajasthan,114,37.2,2,0,23.1,61,126.3,0.508,314,1,1383
3H,4,Karnataka,396,191.0,0,0,73.1,222,67.4,3.7,491,1,1380
3C,1,Maharashtra,16,3.5,0,2,88.7,75,77.1,0.833,152,0,1380
3C,1,Andhra Pradesh,104,42.6,1,0,65.3,164,21.5,1.822,186,1,1380
3A,0,Rajasthan,388,119.6,0,1,64.0,6,26.2,0.1,32,0,1379
3D,2,Gujarat,129,63.7,0,1,68.5,94,27.5,0.783,149,0,1379
3D,2,Andhra Pradesh,209,36.5,0,2,50.4,102,73.9,0.85,250,1,1378
3C,1,Karnataka,89,52.2,0,3,67.9,83,95.6,0.922,179,0,1378
3A,0,Tamil Nadu,60,33.1,1,0,76.2,38,15.4,0.633,53,0,1378
3G,3,Madhya Pradesh,431,153.8,2,1,49.0,103,96.6,1.144,393,1,1378
3C,1,Maharashtra,75,54.4,0,0,63.3,53,27.0,0.589,80,0,1377
3E,5,Madhya Pradesh,86,47.8,1,0,33.8,21,32.6,0.467,184,1,1377
3G,3,Andhra Pradesh,12,3.0,1,0,58.0,31,38.5,0.344,147,0,1377
3C,1,Madhya Pradesh,92,43.9,0,0,71.3,93,86.8,1.033,180,0,1377
3G,3,Tamil Nadu,381,214.5,0,0,55.9,108,41.5,1.2,232,0,1376
3D,2,Maharashtra,96,38.4,1,0,48.9,35,47.3,0.292,130,0,1376
3D,2,Karnataka,354,256.3,2,0,58.2,66,132.0,0.55,330,1,1375
3C,1,Uttar Pradesh,42,3.0,2,0,46.8,56,46.3,0.622,102,1,1375
3G,3,Tamil Nadu,101,73.1,2,3,61.9,89,119.7,0.989,448,1,1374
3A,0,Tamil Nadu,38,66.3,3,1,57.4,16,58.4,0.267,74,1,1374
3H,4,Gujarat,104,62.4,0,2,45.1,200,26.2,3.333,305,1,1374
3C,1,Maharashtra,47,22.4,0,1,55.3,48,34.1,0.533,82,0,1374
3A,0,Rajasthan,132,79.3,0,1,63.7,18,11.4,0.3,29,0,1374
3D,2,Madhya Pradesh,166,58.2,0,2,63.3,115,35.7,0.958,186,0,1373
3D,2,Gujarat,83,27.3,1,0,13.3,20,63.9,0.167,148,1,1373
3G,3,Rajasthan,62,26.2,0,0,72.8,121,63.2,1.344,311,0,1373
3G,3,Andhra Pradesh,372,249.4,1,0,66.5,145,19.6,1.611,204,0,1373
3G,3,Madhya Pradesh,216,92.6,2,2,55.5,149,82.6,1.656,397,1,1373
3D,2,Gujarat,131,56.0,0,1,91.2,157,45.7,1.308,248,0,1373
3C,1,Madhya Pradesh,114,55.3,0,2,60.6,43,81.4,0.478,124,0,1372
3A,0,Uttar Pradesh,353,104.4,1,2,67.0,14,58.6,0.233,73,1,1372
3G,3,Rajasthan,160,41.3,0,1,44.1,147,45.0,1.633,282,0,1372
3C,1,Andhra Pradesh,575,490.2,2,0,34.0,19,54.5,0.211,74,1,1370
3A,0,Karnataka,58,3.0,1,1,55.2,20,11.9,0.333,32,0,1370
3A,0,Karnataka,110,12.3,0,1,34.5,9,13.1,0.15,22,0,1368
3D,2,Rajasthan,237,83.6,1,1,77.9,137,73.6,1.142,284,0,1368
3C,1,Tamil Nadu,139,11.9,1,2,57.3,28,123.3,0.311,151,1,1367
3C,1,Uttar Pradesh,39,26.0,0,0,76.2,19,75.4,0.211,94,0,1367
3H,4,Gujarat,27,3.0,0,0,92.4,156,55.0,2.6,376,0,1367
3C,1,Tamil Nadu,581,278.8,0,0,53.1,29,87.7,0.322,117,1,1366
3C,1,Andhra Pradesh,70,29.7,0,0,77.7,56,91.0,0.622,147,0,1365
3E,5,Gujarat,75,42.8,0,1,34.2,141,24.4,3.133,263,1,1365
3H,4,Tamil Nadu,119,48.8,1,2,72.2,159,67.0,2.65,427,0,1365
3G,3,Madhya Pradesh,94,26.3,1,1,71.7,59,101.1,0.656,362,0,1365
3D,2,Maharashtra,92,56.2,4,2,51.6,204,38.3,1.7,281,1,1365
3H,4,Maharashtra,109,66.8,1,1,64.8,233,41.2,3.883,398,0,1364
3H,4,Andhra Pradesh,79,13.0,1,2,65.1,193,26.7,3.217,300,0,1363
3A,0,Maharashtra,83,30.0,1,1,66.6,16,43.2,0.267,59,0,1362
3D,2,Maharashtra,79,28.9,0,0,84.6,49,76.5,0.408,202,0,1362
3G,3,Andhra Pradesh,218,108.1,3,3,47.9,214,75.4,2.378,440,1,1362
3D,2,Karnataka,165,97.1,0,1,50.6,26,66.1,0.217,158,0,1362
3G,3,Andhra Pradesh,232,146.0,0,1,62.9,70,122.1,0.778,436,1,1362
3A,0,Gujarat,325,121.0,0,1,54.0,28,22.3,0.467,50,0,1362
3A,0,Tamil Nadu,142,67.2,0,0,74.9,27,25.7,0.45,53,1,1361
3A,0,Gujarat,248,150.2,0,1,81.5,12,34.9,0.2,47,0,1361
3D,2,Andhra Pradesh,217,89.9,0,0,46.2,27,25.8,0.225,79,0,1360
3H,4,Andhra Pradesh,500,206.8,1,1,41.0,27,35.6,0.45,169,1,1357
3A,0,Madhya Pradesh,74,21.3,1,0,55.7,23,12.5,0.383,35,0,1357
3C,1,Gujarat,184,66.1,1,0,85.9,29,110.8,0.322,140,0,1357
3E,5,Madhya Pradesh,52,31.0,0,0,66.9,73,38.7,1.622,266,0,1356
3G,3,Madhya Pradesh,1152,657.4,1,0,57.8,32,53.4,0.356,192,0,1356
3H,4,Gujarat,66,58.9,0,1,55.4,90,35.2,1.5,231,0,1356
3A,0,Maharashtra,79,33.9,0,0,67.9,6,21.2,0.1,27,0,1356
3D,2,Madhya Pradesh,334,176.1,2,2,54.2,206,42.5,1.717,291,1,1355
3D,2,Madhya Pradesh,207,36.2,1,0,50.2,77,15.9,0.642,109,0,1355
3H,4,Andhra Pradesh,22,11.1,0,0,46.9,37,63.6,0.617,291,0,1355
3C,1,Tamil Nadu,414,249.4,7,0,14.6,90,62.3,1.0,152,1,1355
3A,0,Gujarat,29,8.1,0,0,45.5,9,22.9,0.15,32,1,1354
3C,1,Uttar Pradesh,299,138.7,2,1,23.0,12,49.3,0.133,61,1,1354
3H,4,Andhra Pradesh,101,5.4,1,0,47.1,193,26.5,3.217,299,0,1354
3E,5,Rajasthan,175,51.8,0,1,43.9,31,23.9,0.689,151,0,1354
3C,1,Karnataka,60,34.2,0,0,56.6,24,34.9,0.267,59,0,1353
3D,2,Andhra Pradesh,77,11.3,0,1,97.0,43,91.0,0.358,225,0,1353
3G,3,Madhya Pradesh,143,68.0,0,0,43.3,45,31.5,0.5,140,1,1353
3G,3,Uttar Pradesh,119,44.6,1,0,49.8,54,37.0,0.6,165,1,1353
3A,0,Uttar Pradesh,129,70.7,1,0,61.9,15,28.3,0.25,43,0,1352
3H,4,Uttar Pradesh,115,45.0,1,0,55.8,155,32.7,2.583,286,0,1352
3A,0,Gujarat,155,66.0,0,1,53.5,4,15.9,0.067,20,0,1352
3D,2,Rajasthan,49,3.0,1,1,54.1,69,17.6,0.575,104,0,1352
3E,5,Karnataka,116,24.1,0,0,43.5,161,9.2,3.578,207,1,1352
3C,1,Maharashtra,193,12.9,1,1,71.7,86,64.7,0.956,151,0,1352
3D,2,Maharashtra,351,147.9,0,0,46.8,18,33.2,0.15,84,0,1352
3A,0,Rajasthan,144,61.7,1,0,33.3,22,14.5,0.367,37,1,1352
3A,0,Andhra Pradesh,217,81.5,2,0,35.2,16,11.5,0.267,27,1,1351
3G,3,Uttar Pradesh,281,163.2,0,1,58.9,107,65.7,1.189,304,1,1350
3A,0,Madhya Pradesh,104,84.8,0,0,61.5,22,40.2,0.367,62,1,1350
3H,4,Madhya Pradesh,17,13.9,1,1,72.5,100,90.1,1.667,460,0,1350
3C,1,Madhya Pradesh,222,178.8,0,0,68.1,31,59.3,0.344,90,0,1349
3G,3,Tamil Nadu,119,32.3,2,0,51.6,102,87.1,1.133,363,1,1349
3D,2,Tamil Nadu,134,27.7,0,0,43.4,42,17.1,0.35,76,0,1349
3E,5,Maharashtra,764,350.9,1,0,48.2,136,32.0,3.022,296,1,1348
3E,5,Madhya Pradesh,673,386.6,4,2,46.5,313,41.4,6.956,520,1,1348
3C,1,Maharashtra,53,12.2,3,0,45.3,22,154.3,0.244,176,1,1348
3G,3,Rajasthan,128,6.2,0,0,39.6,36,34.1,0.4,138,0,1348
3E,5,Karnataka,44,15.3,0,0,63.0,146,26.9,3.244,280,0,1347
3C,1,Karnataka,42,3.0,1,0,75.4,22,115.2,0.244,137,0,1347
3G,3,Rajasthan,70,52.6,1,2,59.8,79,77.2,0.878,311,0,1346
3D,2,Madhya Pradesh,46,26.7,1,0,62.7,117,46.3,0.975,210,0,1345
3D,2,Andhra Pradesh,81,40.2,0,1,47.9,51,76.9,0.425,205,1,1345
3H,4,Karnataka,345,55.4,0,0,37.1,7,32.5,0.117,137,0,1345
3D,2,Rajasthan,276,151.8,0,3,58.3,79,46.4,0.658,172,1,1342
3H,4,Maharashtra,146,38.6,0,0,79.8,139,54.8,2.317,358,0,1342
3D,2,Gujarat,77,17.8,1,2,87.9,97,78.4,0.808,254,0,1342
3G,3,Rajasthan,664,365.4,0,0,38.5,80,10.3,0.889,111,0,1341
3G,3,Maharashtra,268,154.4,1,1,44.1,213,50.2,2.367,364,1,1341
3E,5,Andhra Pradesh,233,88.9,0,0,81.5,155,30.8,3.444,309,0,1341
3A,0,Tamil Nadu,55,4.2,1,0,53.6,28,18.9,0.467,47,0,1340
3G,3,Madhya Pradesh,44,13.3,0,2,52.3,90,23.1,1.0,159,0,1340
3D,2,Gujarat,253,98.6,0,0,69.5,94,14.3,0.783,123,0,1340
3D,2,Karnataka,155,63.2,0,0,58.0,61,12.2,0.508,85,0,1339
3D,2,Gujarat,134,28.2,1,0,59.6,154,25.9,1.283,206,0,1337
3D,2,Karnataka,41,6.2,0,1,94.6,105,63.8,0.875,233,0,1337
3A,0,Uttar Pradesh,68,19.7,0,0,40.8,11,11.5,0.183,23,0,1336
3A,0,Tamil Nadu,718,450.4,2,0,34.6,16,14.6,0.267,31,1,1335
3C,1,Uttar Pradesh,73,8.2,0,0,77.2,6,108.8,0.067,115,0,1334
3G,3,Karnataka,449,229.6,1,0,40.3,108,27.1,1.2,189,1,1334
3H,4,Uttar Pradesh,500,271.7,3,1,46.0,155,75.1,2.583,455,1,1333
3G,3,Gujarat,249,35.0,0,1,52.9,97,48.8,1.078,243,1,1333
3C,1,Uttar Pradesh,40,8.6,1,2,31.1,6,116.2,0.067,122,1,1332
3A,0,Maharashtra,192,75.6,2,1,59.0,14,35.0,0.233,49,1,1332
3H,4,Andhra Pradesh,21,28.4,1,0,68.2,183,27.3,3.05,292,0,1331
3E,5,Karnataka,175,72.1,0,0,83.9,168,42.7,3.733,382,0,1331
3H,4,Tamil Nadu,105,3.0,1,0,53.8,185,28.0,3.083,297,0,1331
3D,2,Andhra Pradesh,79,66.6,1,0,67.7,190,27.3,1.583,245,0,1330
3G,3,Gujarat,20,15.6,0,0,51.4,8,42.0,0.089,134,0,1330
3E,5,Tamil Nadu,218,157.3,1,0,36.4,25,46.8,0.556,259,1,1330
3A,0,Karnataka,25,23.2,1,0,76.2,8,70.8,0.133,79,0,1330
3E,5,Andhra Pradesh,128,42.8,2,0,36.1,37,35.5,0.822,214,1,1329
3C,1,Gujarat,156,75.9,1,1,31.3,28,30.9,0.311,59,1,1329
3G,3,Maharashtra,166,55.4,0,1,69.0,155,26.6,1.722,235,0,1328
3G,3,Tamil Nadu,98,58.1,0,0,67.4,106,51.0,1.178,259,0,1328
3G,3,Karnataka,116,57.5,0,0,56.9,41,38.5,0.456,157,0,1327
3D,2,Rajasthan,86,74.2,1,0,55.6,130,11.5,1.083,153,0,1325
3G,3,Maharashtra,641,174.9,0,2,54.5,103,46.6,1.144,243,1,1325
3H,4,Andhra Pradesh,125,19.7,0,2,57.2,118,16.6,1.967,185,0,1325
3G,3,Andhra Pradesh,282,159.4,1,2,73.5,76,101.7,0.844,381,0,1324
3G,3,Tamil Nadu,207,96.0,1,0,76.3,123,76.2,1.367,352,0,1324
3G,3,Maharashtra,313,179.4,0,0,88.7,204,42.8,2.267,332,0,1323
3A,0,Uttar Pradesh,55,3.0,0,0,42.6,8,17.0,0.133,25,0,1323
3G,3,Gujarat,201,91.9,1,0,48.7,81,67.3,0.9,283,1,1323
3D,2,Karnataka,53,33.7,0,2,48.3,10,63.4,0.083,137,0,1322
3D,2,Maharashtra,612,329.6,2,0,39.2,66,20.7,0.55,107,1,1321
3H,4,Uttar Pradesh,138,74.5,0,0,47.1,108,23.6,1.8,202,0,1320
3G,3,Karnataka,367,83.9,0,0,58.0,144,50.1,1.6,294,1,1320
3G,3,Rajasthan,298,93.5,2,2,59.0,20,87.2,0.222,282,1,1319
3G,3,Tamil Nadu,340,122.5,1,0,68.7,64,95.8,0.711,351,0,1319
3A,0,Karnataka,60,48.9,1,0,46.0,21,24.9,0.35,46,0,1318
3A,0,Madhya Pradesh,97,91.5,1,4,77.0,19,41.2,0.317,60,0,1318
3D,2,Madhya Pradesh,318,120.8,3,0,50.2,98,119.0,0.817,336,1,1318
3A,0,Gujarat,1144,396.1,2,1,69.5,21,30.4,0.35,51,1,1318
3H,4,Uttar Pradesh,128,44.6,1,1,48.1,84,37.7,1.4,235,1,1317
3H,4,Andhra Pradesh,81,23.3,0,0,59.0,54,45.1,0.9,235,0,1317
3C,1,Andhra Pradesh,392,73.5,1,1,67.4,31,80.6,0.344,112,0,1317
3C,1,Andhra Pradesh,288,150.9,2,3,40.8,100,94.5,1.111,194,1,1315
3G,3,Uttar Pradesh,451,276.8,0,0,79.1,78,46.5,0.867,217,0,1315
3C,1,Uttar Pradesh,133,58.6,0,0,65.6,26,65.7,0.289,92,0,1314
3D,2,Maharashtra,169,91.8,0,0,38.7,43,19.9,0.358,83,0,1314
3G,3,Uttar Pradesh,773,397.6,1,0,37.5,58,33.4,0.644,158,0,1314
3A,0,Tamil Nadu,106,39.4,0,1,73.1,20,18.5,0.333,39,0,1314
3H,4,Uttar Pradesh,92,87.5,1,0,53.1,33,40.8,0.55,196,0,1313
3H,4,Madhya Pradesh,601,299.1,0,0,82.5,76,67.1,1.267,345,0,1313
3H,4,Karnataka,276,84.0,2,0,48.3,184,54.8,3.067,403,1,1312
3D,2,Andhra Pradesh,115,46.5,0,0,85.2,160,22.2,1.333,204,0,1312
3G,3,Andhra Pradesh,65,44.3,0,1,67.0,73,71.2,0.811,287,0,1311
3D,2,Tamil Nadu,78,22.0,1,2,73.5,74,119.4,0.617,313,0,1311
3C,1,Rajasthan,59,33.5,0,0,54.0,39,71.8,0.433,111,0,1311
3G,3,Gujarat,352,168.4,0,0,76.0,59,48.9,0.656,206,0,1310
3G,3,Tamil Nadu,1030,405.4,0,2,68.1,120,12.0,1.333,156,0,1310
3A,0,Maharashtra,186,78.0,1,0,66.1,32,27.1,0.533,59,0,1309
3C,1,Karnataka,137,65.9,1,0,76.4,20,73.3,0.222,93,0,1309
3A,0,Karnataka,102,37.6,1,0,75.6,17,44.9,0.283,62,0,1309
3E,5,Andhra Pradesh,157,31.7,0,2,88.2,304,33.6,6.756,472,0,1309
3C,1,Madhya Pradesh,169,48.5,1,2,62.1,89,42.2,0.989,131,0,1309
3C,1,Karnataka,168,101.3,1,1,81.6,141,49.9,1.567,191,0,1308
3D,2,Gujarat,114,23.4,1,1,65.6,9,88.1,0.075,185,0,1308
3D,2,Gujarat,253,101.2,2,0,55.8,30,51.8,0.25,134,0,1308
3C,1,Maharashtra,130,72.6,1,2,83.7,124,28.0,1.378,152,0,1308
3D,2,Tamil Nadu,212,116.1,2,1,35.1,62,21.0,0.517,104,1,1307
3C,1,Karnataka,202,60.0,0,0,59.4,25,51.0,0.278,76,0,1307
3G,3,Madhya Pradesh,459,3.0,1,1,48.7,216,4.9,2.4,231,1,1306
3A,0,Rajasthan,99,65.7,1,0,66.4,28,14.6,0.467,43,0,1305
3C,1,Uttar Pradesh,42,20.6,3,1,75.6,75,70.1,0.833,145,0,1303
3C,1,Madhya Pradesh,135,78.4,0,0,63.8,21,71.7,0.233,93,0,1303
3E,5,Madhya Pradesh,313,121.6,0,0,27.6,159,8.6,3.533,202,0,1303
3A,0,Gujarat,54,44.1,0,0,49.6,5,37.9,0.083,43,0,1303
3H,4,Tamil Nadu,33,3.0,0,0,90.5,200,81.0,3.333,524,0,1302
3H,4,Rajasthan,272,145.1,0,1,42.3,67,67.4,1.117,337,1,1302
3D,2,Uttar Pradesh,44,27.2,0,0,82.4,156,64.6,1.3,285,0,1302
3G,3,Andhra Pradesh,57,10.7,0,0,36.3,73,32.7,0.811,171,0,1301
3D,2,Uttar Pradesh,241,115.7,0,0,38.3,60,13.9,0.5,88,0,1301
3C,1,Karnataka,135,54.7,0,0,81.5,27,79.8,0.3,107,0,1301
3C,1,Tamil Nadu,126,74.6,0,1,56.5,36,51.0,0.4,87,0,1301
3A,0,Madhya Pradesh,113,64.9,1,1,41.2,31,27.1,0.517,58,1,1300
3C,1,Karnataka,342,190.0,0,0,85.6,27,103.1,0.3,130,0,1300
3A,0,Gujarat,140,84.1,2,1,39.8,26,20.2,0.433,46,1,1299
3C,1,Maharashtra,120,95.8,0,0,34.3,28,56.9,0.311,85,1,1299
3C,1,Karnataka,85,96.8,1,1,39.1,42,44.8,0.467,87,0,1299
3G,3,Rajasthan,136,26.3,0,3,59.5,109,84.0,1.211,361,0,1298
3A,0,Andhra Pradesh,123,112.2,0,0,63.8,29,12.2,0.483,41,0,1297
3D,2,Madhya Pradesh,90,59.7,1,0,47.2,41,29.5,0.342,100,0,1297
3E,5,Gujarat,57,30.7,1,0,48.6,170,22.4,3.778,282,0,1296
3D,2,Uttar Pradesh,128,50.6,0,2,75.5,191,53.9,1.592,299,0,1296
3H,4,Gujarat,110,63.3,1,0,56.7,183,59.8,3.05,422,1,1295
3C,1,Andhra Pradesh,165,84.3,1,2,62.0,79,77.0,0.878,156,0,1293
3D,2,Karnataka,225,79.7,0,0,45.5,10,98.4,0.083,207,1,1290
3A,0,Tamil Nadu,203,146.1,0,1,52.3,9,13.2,0.15,22,0,1289
3E,5,Gujarat,18,16.4,0,0,61.6,50,33.0,1.111,215,0,1289
3H,4,Maharashtra,41,23.6,1,1,57.7,237,28.2,3.95,350,0,1288
3G,3,Karnataka,159,76.0,0,0,30.0,76,42.1,0.844,202,1,1288
3C,1,Karnataka,67,36.6,0,0,75.3,60,19.0,0.667,79,0,1288
3A,0,Madhya Pradesh,58,26.1,0,0,49.9,14,7.4,0.233,21,0,1287
3G,3,Tamil Nadu,278,130.3,2,2,57.1,144,82.4,1.6,391,0,1286
3A,0,Maharashtra,51,28.6,1,0,53.6,12,12.1,0.2,24,0,1285
3D,2,Tamil Nadu,64,3.0,2,0,75.5,28,136.3,0.233,301,1,1285
3G,3,Rajasthan,85,14.8,1,1,35.5,124,17.3,1.378,176,1,1285
3E,5,Rajasthan,337,262.9,2,0,51.8,287,9.1,6.378,332,0,1284
3E,5,Maharashtra,69,33.1,0,0,45.9,48,23.5,1.067,166,0,1284
3C,1,Rajasthan,577,237.7,2,4,54.4,79,127.7,0.878,207,1,1283
3E,5,Maharashtra,66,44.4,3,2,41.4,133,68.2,2.956,474,1,1283
3H,4,Maharashtra,59,21.6,1,0,44.1,27,52.9,0.45,239,0,1282
3H,4,Andhra Pradesh,197,71.6,1,0,50.5,47,32.3,0.783,176,0,1281
3H,4,Gujarat,69,33.0,1,1,58.8,175,48.1,2.917,367,0,1281
3G,3,Gujarat,129,47.6,0,0,39.7,48,52.0,0.533,204,0,1280
3A,0,Uttar Pradesh,22,5.4,1,2,61.1,21,12.6,0.35,34,0,1280
3A,0,Madhya Pradesh,134,42.2,2,0,51.0,4,22.6,0.067,27,0,1279
3C,1,Rajasthan,102,20.8,0,0,68.0,21,65.7,0.233,87,0,1279
3H,4,Karnataka,226,116.2,1,0,38.9,128,21.1,2.133,212,1,1278
3G,3,Gujarat,135,72.4,0,1,73.0,97,75.5,1.078,324,0,1278
3D,2,Karnataka,61,22.9,0,0,75.0,84,34.4,0.7,153,0,1278
3D,2,Andhra Pradesh,102,22.1,0,0,68.2,106,56.9,0.883,220,0,1277
3G,3,Uttar Pradesh,390,156.1,0,0,50.0,106,16.1,1.178,154,0,1277
3C,1,Maharashtra,222,117.7,0,0,50.3,16,30.3,0.178,46,0,1276
3C,1,Karnataka,159,70.3,0,0,78.8,21,94.3,0.233,115,0,1276
3G,3,Maharashtra,169,78.8,0,1,65.4,49,40.0,0.544,169,0,1275
3G,3,Uttar Pradesh,544,307.8,0,2,75.9,155,46.8,1.722,295,0,1275
3D,2,Uttar Pradesh,94,24.0,0,0,85.5,94,68.2,0.783,230,0,1274
3D,2,Andhra Pradesh,152,130.1,0,0,43.7,8,55.4,0.067,119,1,1274
3D,2,Karnataka,222,86.0,2,0,68.2,98,128.5,0.817,355,1,1274
3C,1,Tamil Nadu,209,150.5,2,1,79.3,103,46.0,1.144,149,0,1273
3C,1,Uttar Pradesh,308,20.1,1,0,66.5,68,45.4,0.756,113,0,1272
3H,4,Rajasthan,172,55.5,0,0,93.3,23,107.0,0.383,451,0,1271
3A,0,Madhya Pradesh,85,50.5,1,0,54.7,14,10.3,0.233,24,0,1270
3G,3,Andhra Pradesh,337,175.0,0,2,74.7,78,43.6,0.867,209,0,1270
3A,0,Tamil Nadu,55,23.7,0,1,53.0,24,11.1,0.4,35,0,1268
3H,4,Rajasthan,34,19.7,2,0,37.8,212,44.1,3.533,388,1,1268
3D,2,Tamil Nadu,102,72.4,1,0,80.6,176,70.1,1.467,316,0,1268
3G,3,Andhra Pradesh,270,189.5,0,0,46.1,77,26.7,0.856,157,0,1268
3C,1,Uttar Pradesh,83,51.6,0,1,52.9,13,53.0,0.144,66,0,1268
3D,2,Gujarat,107,20.4,3,1,46.3,102,113.6,0.85,329,1,1266
3A,0,Madhya Pradesh,208,61.2,0,1,67.2,7,17.7,0.117,25,0,1266
3C,1,Rajasthan,31,23.2,1,0,81.9,38,66.9,0.422,105,0,1265
3A,0,Andhra Pradesh,239,24.7,0,1,51.3,9,15.4,0.15,24,0,1265
3E,5,Maharashtra,207,94.0,0,1,39.9,209,27.4,4.644,346,1,1265
3D,2,Gujarat,185,100.3,0,0,49.5,69,64.0,0.575,197,0,1264
3A,0,Gujarat,37,16.1,1,0,85.7,10,54.2,0.167,64,0,1263
3C,1,Maharashtra,252,149.5,2,1,58.2,107,98.0,1.189,205,1,1263
3A,0,Gujarat,321,241.1,0,0,57.0,10,16.4,0.167,26,0,1263
3C,1,Maharashtra,37,16.3,2,0,61.7,14,181.8,0.156,196,1,1262
3D,2,Andhra Pradesh,51,31.0,0,0,68.3,161,61.9,1.342,285,0,1261
3D,2,Madhya Pradesh,713,315.9,1,1,71.6,62,120.0,0.517,302,0,1260
3C,1,Rajasthan,244,68.1,2,0,34.4,37,33.0,0.411,70,1,1260
3A,0,Tamil Nadu,209,29.5,0,2,71.8,16,31.1,0.267,47,0,1260
3C,1,Uttar Pradesh,575,321.9,2,1,54.1,99,25.7,1.1,125,0,1259
3D,2,Uttar Pradesh,476,196.5,4,2,15.8,130,79.6,1.083,289,1,1259
3A,0,Tamil Nadu,199,110.4,1,1,62.8,33,45.6,0.55,79,1,1258
3E,5,Maharashtra,207,121.4,0,1,46.2,34,37.2,0.756,220,1,1258
3A,0,Maharashtra,370,155.7,1,0,77.1,6,42.2,0.1,48,0,1258
3D,2,Andhra Pradesh,85,27.0,3,0,21.9,51,28.9,0.425,109,1,1258
3E,5,Karnataka,261,112.2,2,0,61.8,82,40.8,1.822,286,0,1257
3C,1,Andhra Pradesh,200,81.6,1,2,77.9,79,68.4,0.878,147,0,1257
3A,0,Andhra Pradesh,102,70.0,3,1,47.7,4,18.7,0.067,23,0,1257
3G,3,Andhra Pradesh,21,5.7,1,1,43.3,115,53.3,1.278,275,1,1256
3E,5,Rajasthan,41,17.4,0,1,68.6,74,47.5,1.644,311,0,1255
3C,1,Tamil Nadu,121,35.9,1,1,39.4,7,84.3,0.078,91,0,1255
3C,1,Gujarat,120,3.0,1,0,85.4,48,79.5,0.533,127,0,1255
3A,0,Madhya Pradesh,35,3.0,2,0,43.7,11,19.9,0.183,31,1,1255
3C,1,Rajasthan,43,33.8,1,1,43.3,24,79.4,0.267,103,1,1255
3D,2,Andhra Pradesh,247,137.9,1,0,43.4,115,25.9,0.958,167,0,1254
3E,5,Karnataka,228,82.7,1,1,67.1,335,7.2,7.444,371,0,1254
3H,4,Uttar Pradesh,41,3.0,0,0,47.0,27,33.8,0.45,162,0,1254
3E,5,Maharashtra,349,173.3,1,0,47.9,266,11.5,5.911,324,1,1253
3D,2,Andhra Pradesh,139,57.9,2,1,43.6,74,76.8,0.617,228,1,1253
3H,4,Madhya Pradesh,734,180.1,4,0,56.5,118,82.9,1.967,450,0,1253
3H,4,Rajasthan,208,113.5,0,0,48.1,64,23.3,1.067,157,0,1253
3H,4,Rajasthan,142,59.0,2,0,49.2,195,89.9,3.25,555,1,1252
3H,4,Madhya Pradesh,74,52.7,2,2,36.6,197,32.5,3.283,327,1,1252
3E,5,Tamil Nadu,130,84.1,1,0,71.9,139,79.8,3.089,538,1,1252
3A,0,Uttar Pradesh,154,50.3,1,0,82.3,11,61.9,0.183,73,0,1251
3C,1,Andhra Pradesh,205,130.4,1,0,51.3,24,117.5,0.267,142,1,1249
3A,0,Madhya Pradesh,177,52.1,0,2,29.3,8,13.8,0.133,22,0,1249
3C,1,Madhya Pradesh,81,36.7,1,1,59.5,89,48.0,0.989,137,0,1249
3C,1,Maharashtra,232,123.6,0,1,47.5,38,51.7,0.422,90,1,1249
3D,2,Karnataka,163,70.1,1,1,61.1,95,41.0,0.792,177,0,1248
3H,4,Uttar Pradesh,23,12.8,0,0,37.5,153,16.0,2.55,217,0,1247
3C,1,Madhya Pradesh,143,34.1,0,0,55.7,25,35.4,0.278,60,0,1247
3E,5,Gujarat,176,72.8,1,1,73.9,82,45.9,1.822,311,0,1246
3A,0,Maharashtra,84,46.3,1,0,74.2,36,23.6,0.6,60,0,1246
3G,3,Gujarat,318,119.4,1,1,56.3,25,69.3,0.278,233,0,1245
3D,2,Gujarat,80,56.3,2,0,38.5,102,37.7,0.85,177,1,1245
3D,2,Rajasthan,640,367.8,0,0,78.6,44,95.9,0.367,236,0,1243
3E,5,Karnataka,255,226.8,1,0,63.9,135,20.5,3.0,237,0,1242
3C,1,Gujarat,613,219.9,1,1,73.5,72,54.9,0.8,127,0,1242
3A,0,Karnataka,177,81.2,1,1,45.3,23,14.7,0.383,38,0,1242
3E,5,Andhra Pradesh,96,36.5,2,1,58.2,42,69.7,0.933,391,0,1242
3E,5,Uttar Pradesh,133,36.2,0,0,64.8,126,14.6,2.8,199,0,1242
3G,3,Karnataka,169,75.7,1,1,48.7,41,59.6,0.456,220,0,1241
3H,4,Karnataka,201,92.3,0,1,71.7,302,27.5,5.033,412,0,1241
3A,0,Maharashtra,971,383.2,1,0,47.8,8,19.2,0.133,27,1,1241
3D,2,Andhra Pradesh,129,33.1,2,1,58.2,30,117.1,0.25,264,0,1241
3H,4,Andhra Pradesh,442,297.7,0,0,59.5,231,14.4,3.85,289,0,1241
3A,0,Tamil Nadu,311,220.9,1,1,46.4,15,23.8,0.25,39,0,1241
3C,1,Gujarat,599,131.0,2,1,74.3,141,46.1,1.567,187,1,1240
3A,0,Karnataka,47,15.8,0,1,64.9,15,18.2,0.25,33,0,1240
3H,4,Uttar Pradesh,356,136.7,1,2,68.5,231,73.6,3.85,525,1,1239
3G,3,Tamil Nadu,155,74.3,1,0,51.7,51,29.1,0.567,138,0,1239
3H,4,Madhya Pradesh,33,24.4,0,0,57.6,66,63.0,1.1,318,0,1239
3G,3,Karnataka,31,14.8,1,1,29.9,81,33.9,0.9,183,1,1239
3E,5,Andhra Pradesh,25,3.0,0,0,51.0,25,32.5,0.556,188,0,1239
3C,1,Gujarat,136,40.7,0,0,71.7,53,100.3,0.589,153,0,1239
3A,0,Karnataka,81,53.5,0,0,49.7,11,17.7,0.183,29,0,1239
3E,5,Uttar Pradesh,133,20.4,1,0,67.3,144,23.3,3.2,261,0,1238
3D,2,Karnataka,92,65.9,1,0,48.4,90,38.0,0.75,166,0,1238
3D,2,Rajasthan,104,21.9,0,1,36.2,72,23.7,0.6,119,0,1236
3H,4,Maharashtra,211,65.2,0,1,38.7,150,18.9,2.5,226,0,1236
3D,2,Tamil Nadu,420,200.7,0,1,36.9,51,32.2,0.425,115,0,1235
3G,3,Tamil Nadu,232,87.5,0,0,56.9,39,47.2,0.433,181,0,1234
3C,1,Rajasthan,25,16.3,0,0,54.8,44,24.8,0.489,69,0,1234
3A,0,Andhra Pradesh,192,113.5,0,0,56.7,3,14.8,0.05,18,0,1233
3D,2,Maharashtra,183,68.0,1,0,56.5,107,82.6,0.892,272,1,1233
3C,1,Madhya Pradesh,83,35.7,0,0,100.0,53,96.4,0.589,149,0,1232
3E,5,Rajasthan,257,154.5,2,0,44.9,308,25.3,6.844,435,1,1231
3H,4,Karnataka,140,34.2,1,0,43.6,43,46.3,0.717,228,1,1231
3D,2,Uttar Pradesh,195,44.0,2,0,62.3,21,66.0,0.175,153,0,1229
3D,2,Karnataka,89,70.3,3,1,40.4,131,115.6,1.092,362,1,1229
3E,5,Karnataka,155,92.6,0,1,64.9,202,36.0,4.489,382,0,1229
3G,3,Uttar Pradesh,90,52.0,1,0,51.0,46,54.2,0.511,209,0,1229
3H,4,Andhra Pradesh,138,58.3,1,1,56.7,174,11.7,2.9,221,0,1228
3D,2,Gujarat,69,33.8,0,2,70.5,54,98.3,0.45,251,1,1228
3A,0,Karnataka,67,16.8,2,0,67.0,36,12.7,0.6,49,0,1228
3C,1,Maharashtra,97,20.7,1,0,87.2,51,94.9,0.567,146,0,1228
3G,3,Rajasthan,50,3.0,0,0,51.8,23,68.6,0.256,229,0,1228
3C,1,Maharashtra,226,132.4,1,0,61.4,22,133.6,0.244,156,0,1228
3C,1,Tamil Nadu,827,431.1,0,2,51.9,80,81.5,0.889,161,1,1227
3D,2,Tamil Nadu,129,16.3,0,0,52.1,34,21.0,0.283,76,0,1226
3A,0,Uttar Pradesh,33,12.3,0,1,72.6,27,32.3,0.45,59,0,1226
3E,5,Rajasthan,91,3.0,2,1,74.5,150,94.8,3.333,624,1,1226
3A,0,Uttar Pradesh,198,108.9,1,0,28.3,17,27.0,0.283,44,1,1225
3A,0,Uttar Pradesh,123,49.3,0,1,70.9,29,53.7,0.483,83,1,1225
3E,5,Maharashtra,160,104.2,0,0,40.5,174,27.0,3.867,309,0,1224
3C,1,Karnataka,229,74.7,0,1,59.1,48,61.8,0.533,110,0,1223
3D,2,Gujarat,186,74.5,0,0,68.5,73,83.8,0.608,241,0,1223
3C,1,Karnataka,139,3.8,0,0,57.2,45,16.1,0.5,61,0,1223
3E,5,Tamil Nadu,143,51.5,0,1,68.6,322,52.7,7.156,586,1,1222
3C,1,Andhra Pradesh,249,129.7,1,1,64.9,28,109.2,0.311,137,0,1222
3G,3,Maharashtra,193,53.8,1,0,52.9,73,96.6,0.811,363,1,1222
3D,2,Uttar Pradesh,366,144.0,7,0,41.7,231,61.3,1.925,354,1,1222
3H,4,Tamil Nadu,229,9.4,0,0,39.3,62,22.0,1.033,150,0,1222
3E,5,Gujarat,355,101.6,0,1,44.6,144,17.2,3.2,230,0,1222
3C,1,Uttar Pradesh,281,51.1,1,1,76.3,16,137.2,0.178,153,0,1221
3D,2,Rajasthan,377,154.6,2,0,73.4,23,88.8,0.192,201,0,1220
3G,3,Maharashtra,76,3.0,0,0,45.1,69,21.2,0.767,133,0,1220
3D,2,Tamil Nadu,84,56.8,1,1,54.6,19,95.1,0.158,209,0,1219
3D,2,Gujarat,377,204.8,2,0,66.0,231,32.4,1.925,296,0,1218
3D,2,Tamil Nadu,308,60.8,0,0,54.0,61,22.9,0.508,107,0,1218
3G,3,Andhra Pradesh,318,39.5,0,0,70.4,130,37.0,1.444,241,0,1218
3E,5,Madhya Pradesh,91,64.7,1,0,62.9,71,72.5,1.578,434,1,1216
3H,4,Uttar Pradesh,34,32.4,2,1,40.1,204,27.8,3.4,315,1,1216
3C,1,Uttar Pradesh,186,96.2,1,1,85.7,104,49.6,1.156,154,0,1216
3D,2,Rajasthan,78,60.6,1,3,56.5,164,48.5,1.367,261,1,1216
3H,4,Uttar Pradesh,211,113.8,2,0,63.7,158,87.0,2.633,506,0,1216
3D,2,Maharashtra,236,82.4,1,0,87.2,102,83.6,0.85,269,0,1216
3D,2,Maharashtra,44,19.3,1,0,73.6,147,28.7,1.225,204,0,1216
3H,4,Rajasthan,135,90.9,0,0,69.1,67,42.8,1.117,238,0,1215
3C,1,Uttar Pradesh,100,35.3,0,0,48.3,26,60.2,0.289,86,1,1215
3C,1,Madhya Pradesh,136,74.8,0,0,33.7,7,56.4,0.078,63,1,1214
3G,3,Gujarat,155,41.8,0,0,74.6,176,80.5,1.956,417,0,1214
3A,0,Maharashtra,339,139.0,1,0,63.2,8,42.6,0.133,51,1,1213
3C,1,Andhra Pradesh,114,76.0,0,0,63.4,20,44.7,0.222,65,0,1213
3A,0,Rajasthan,58,24.9,0,0,46.4,12,62.1,0.2,74,1,1212
3D,2,Rajasthan,65,34.5,0,1,53.9,72,61.9,0.6,196,0,1212
3A,0,Uttar Pradesh,53,15.5,1,0,51.8,27,27.1,0.45,54,0,1212
3A,0,Tamil Nadu,278,149.4,0,0,45.8,16,10.9,0.267,27,0,1212
3D,2,Rajasthan,129,56.7,1,1,53.9,193,44.7,1.608,282,1,1212
3E,5,Madhya Pradesh,109,3.3,2,0,73.4,132,56.2,2.933,413,0,1212
3C,1,Rajasthan,732,324.9,0,2,79.7,53,66.1,0.589,119,0,1211
3C,1,Andhra Pradesh,139,3.0,2,0,53.7,29,113.6,0.322,143,1,1210
3A,0,Rajasthan,59,42.6,5,3,24.4,24,26.8,0.4,51,1,1210
3H,4,Karnataka,66,35.0,0,0,70.7,257,28.5,4.283,371,0,1210
3C,1,Gujarat,125,68.1,3,4,37.2,83,78.1,0.922,161,1,1209
3H,4,Maharashtra,14,19.4,2,1,57.8,317,59.7,5.283,556,0,1209
3D,2,Tamil Nadu,67,46.2,0,0,43.8,19,31.8,0.158,83,0,1208
3D,2,Maharashtra,47,27.0,0,0,59.5,101,22.1,0.842,145,0,1208
3D,2,Rajasthan,26,25.8,1,0,64.4,61,90.8,0.508,243,0,1207
3A,0,Uttar Pradesh,105,24.5,0,0,53.5,10,7.6,0.167,18,0,1207
3A,0,Gujarat,276,62.0,1,0,52.0,17,19.4,0.283,36,0,1207
3A,0,Tamil Nadu,612,610.1,0,1,52.9,8,12.2,0.133,20,0,1206
3C,1,Maharashtra,151,67.7,0,0,58.4,44,73.2,0.489,117,0,1206
3D,2,Karnataka,165,93.2,2,0,67.5,168,96.1,1.4,360,0,1205
3H,4,Maharashtra,344,185.1,3,1,57.3,164,72.2,2.733,453,0,1205
3C,1,Uttar Pradesh,125,58.4,0,1,45.7,105,36.4,1.167,141,1,1205
3C,1,Karnataka,249,165.8,0,0,64.7,10,54.6,0.111,65,0,1203
3G,3,Gujarat,179,109.9,0,0,50.7,14,74.7,0.156,238,0,1203
3A,0,Maharashtra,177,83.7,4,1,30.8,12,53.9,0.2,66,1,1202
3D,2,Gujarat,155,66.6,0,0,69.0,80,19.8,0.667,120,0,1202
3D,2,Madhya Pradesh,115,59.1,2,1,60.0,20,99.9,0.167,220,1,1202
3C,1,Uttar Pradesh,295,120.5,1,3,71.3,56,92.4,0.622,148,0,1202
3C,1,Andhra Pradesh,85,59.2,0,0,76.6,37,79.7,0.411,117,0,1202
3H,4,Uttar Pradesh,86,5.4,1,0,41.8,74,21.2,1.233,159,0,1201
3E,5,Karnataka,69,63.0,0,1,62.7,75,58.8,1.667,369,0,1201
3E,5,Uttar Pradesh,126,76.9,0,0,34.3,83,24.6,1.844,206,1,1201
3D,2,Maharashtra,514,138.7,0,0,52.4,39,23.5,0.325,86,0,1201
3H,4,Maharashtra,192,82.5,2,0,48.2,137,59.8,2.283,376,1,1200
3A,0,Maharashtra,30,3.0,1,1,48.7,6,30.0,0.1,36,0,1200
3C,1,Uttar Pradesh,53,15.8,1,1,64.1,52,66.3,0.578,118,0,1200
3A,0,Uttar Pradesh,220,130.2,0,1,60.9,33,11.7,0.55,45,0,1199
3D,2,Rajasthan,494,99.0,0,1,53.9,7,57.4,0.058,122,0,1199
3G,3,Madhya Pradesh,477,236.7,0,1,49.0,140,19.2,1.556,198,0,1199
3A,0,Maharashtra,457,200.9,2,0,68.1,20,48.0,0.333,68,0,1198
3A,0,Rajasthan,71,60.6,1,1,69.5,25,34.5,0.417,60,0,1197
3C,1,Karnataka,342,121.3,0,0,78.6,111,46.9,1.233,158,0,1197
3A,0,Andhra Pradesh,26,7.1,0,0,83.7,8,38.7,0.133,47,0,1197
3C,1,Rajasthan,2053,900.0,1,1,70.8,61,45.7,0.678,107,0,1196
3H,4,Madhya Pradesh,386,86.3,3,0,52.2,52,79.5,0.867,370,0,1196
3H,4,Andhra Pradesh,275,187.9,0,0,58.1,133,22.0,2.217,221,0,1195
3C,1,Maharashtra,100,62.4,0,0,66.2,84,100.3,0.933,184,1,1195
3C,1,Madhya Pradesh,159,46.6,3,1,37.7,64,74.9,0.711,139,1,1194
3H,4,Karnataka,81,16.6,1,2,60.3,190,81.0,3.167,514,1,1193
3E,5,Andhra Pradesh,598,148.7,2,0,50.9,146,63.1,3.244,462,1,1193
3A,0,Karnataka,96,34.7,0,0,54.9,8,7.4,0.133,15,0,1193
3C,1,Uttar Pradesh,64,29.2,0,0,64.0,9,99.6,0.1,109,0,1190
3C,1,Madhya Pradesh,129,25.2,0,1,76.8,44,65.8,0.489,110,0,1190
3A,0,Karnataka,64,39.3,0,0,86.7,8,39.6,0.133,48,0,1189
3C,1,Uttar Pradesh,183,99.2,0,0,44.1,9,85.7,0.1,95,1,1189
3E,5,Tamil Nadu,118,59.8,1,3,57.9,258,41.8,5.733,467,1,1189
3H,4,Andhra Pradesh,221,143.9,0,0,52.5,8,25.8,0.133,111,0,1189
3A,0,Rajasthan,315,32.6,1,0,71.5,47,6.2,0.783,53,0,1188
3C,1,Karnataka,314,127.5,1,1,42.3,30,16.1,0.333,46,0,1188
3H,4,Uttar Pradesh,174,111.4,0,2,71.5,105,74.8,1.75,404,0,1187
3D,2,Tamil Nadu,151,81.5,0,0,68.3,40,71.9,0.333,184,0,1187
3C,1,Uttar Pradesh,59,30.8,1,0,65.8,6,75.1,0.067,81,0,1186
3C,1,Gujarat,25,4.0,2,3,67.5,59,133.7,0.656,193,1,1185
3G,3,Andhra Pradesh,130,47.3,0,1,70.8,189,28.8,2.1,275,0,1185
3A,0,Tamil Nadu,316,105.3,4,0,59.0,17,58.1,0.283,75,0,1183
3G,3,Karnataka,179,70.7,1,0,62.8,90,50.1,1.0,240,0,1183
3C,1,Karnataka,281,79.7,1,1,71.4,108,70.4,1.2,178,1,1183
3A,0,Tamil Nadu,239,107.3,4,0,45.5,10,57.0,0.167,67,1,1183
3E,5,Tamil Nadu,689,405.5,0,0,56.9,89,34.7,1.978,262,0,1183
3A,0,Tamil Nadu,136,67.9,1,0,65.8,28,18.4,0.467,46,0,1182
3D,2,Uttar Pradesh,267,129.6,0,0,37.7,14,40.8,0.117,96,0,1182
3D,2,Karnataka,58,14.1,0,0,95.9,147,59.6,1.225,266,0,1181
3E,5,Rajasthan,221,83.9,0,1,51.8,80,36.4,1.778,262,0,1180
3G,3,Rajasthan,58,28.4,0,0,64.8,116,35.4,1.289,222,0,1178
3G,3,Andhra Pradesh,135,66.5,1,0,58.9,177,24.1,1.967,249,0,1178
3G,3,Uttar Pradesh,64,12.6,2,0,54.6,99,52.4,1.1,256,0,1177
3A,0,Andhra Pradesh,67,32.9,3,2,20.5,16,43.1,0.267,59,1,1177
3G,3,Uttar Pradesh,312,176.1,1,4,58.8,105,113.8,1.167,446,1,1176
3A,0,Maharashtra,529,95.6,0,1,89.3,24,22.8,0.4,47,0,1176
3H,4,Uttar Pradesh,116,32.8,0,0,40.5,72,42.6,1.2,242,0,1175
3H,4,Andhra Pradesh,157,55.9,1,1,98.5,101,62.7,1.683,352,0,1173
3A,0,Karnataka,62,33.9,0,1,83.9,34,17.9,0.567,52,0,1173
3D,2,Rajasthan,73,39.6,0,0,67.1,57,40.9,0.475,139,0,1173
3D,2,Karnataka,37,3.0,0,0,40.4,138,9.6,1.15,157,0,1172
3G,3,Gujarat,63,39.2,1,1,63.5,152,24.9,1.689,227,0,1171
3H,4,Madhya Pradesh,29,3.0,0,2,50.1,61,65.4,1.017,322,1,1171
3A,0,Gujarat,530,383.7,3,0,56.1,28,17.1,0.467,45,0,1171
3A,0,Karnataka,903,249.9,1,0,80.3,27,12.2,0.45,39,0,1171
3A,0,Rajasthan,92,37.2,2,0,46.0,27,35.3,0.45,62,1,1169
3D,2,Madhya Pradesh,238,171.1,0,1,79.3,158,49.0,1.317,256,0,1169
3A,0,Andhra Pradesh,108,51.0,2,2,54.1,33,42.3,0.55,75,1,1168
3A,0,Madhya Pradesh,137,88.9,0,0,72.7,14,44.0,0.233,58,0,1168
3C,1,Karnataka,36,16.2,1,0,77.6,85,77.4,0.944,162,0,1168
3G,3,Andhra Pradesh,149,17.7,1,1,70.7,255,19.5,2.833,314,0,1167
3G,3,Tamil Nadu,161,122.5,2,0,57.5,196,45.0,2.178,331,0,1167
3G,3,Rajasthan,65,53.9,1,0,94.0,184,46.8,2.044,324,0,1167
3A,0,Gujarat,27,3.0,1,0,86.3,51,30.2,0.85,81,1,1167
3H,4,Andhra Pradesh,55,18.4,1,0,55.0,11,50.7,0.183,214,1,1167
3D,2,Maharashtra,687,288.8,0,1,39.9,78,17.1,0.65,112,1,1166
3H,4,Madhya Pradesh,99,97.0,0,0,73.4,139,40.9,2.317,303,0,1166
3A,0,Gujarat,242,117.6,0,1,58.9,12,23.2,0.2,35,0,1166
3G,3,Uttar Pradesh,169,88.4,1,2,79.5,50,132.7,0.556,448,0,1166
3G,3,Gujarat,534,244.8,0,0,83.9,106,65.3,1.178,302,0,1165
3D,2,Tamil Nadu,231,60.8,0,0,63.5,75,62.6,0.625,200,0,1165
3D,2,Uttar Pradesh,720,392.7,0,0,36.8,51,22.6,0.425,96,0,1165
3D,2,Karnataka,379,243.1,0,1,55.6,20,52.0,0.167,124,0,1164
3D,2,Uttar Pradesh,219,70.3,1,0,32.8,51,83.0,0.425,217,1,1163
3E,5,Rajasthan,95,34.3,1,2,74.3,116,78.7,2.578,509,0,1161
3D,2,Uttar Pradesh,149,50.7,0,0,51.2,51,36.9,0.425,125,0,1160
3D,2,Uttar Pradesh,290,3.0,0,0,73.2,65,142.1,0.542,349,1,1160
3G,3,Gujarat,179,111.3,0,0,41.0,165,34.9,1.833,270,1,1158
3A,0,Maharashtra,219,23.4,2,1,64.4,55,9.6,0.917,65,1,1157
3E,5,Maharashtra,114,42.1,0,0,42.7,190,17.4,4.222,277,1,1157
3A,0,Maharashtra,342,210.9,3,1,54.7,34,24.3,0.567,58,1,1156
3D,2,Karnataka,436,243.7,2,1,43.0,31,94.7,0.258,220,1,1156
3G,3,Tamil Nadu,22,8.7,1,0,52.0,17,42.2,0.189,144,0,1156
3D,2,Madhya Pradesh,147,43.7,0,1,69.9,30,60.2,0.25,150,0,1156
3A,0,Uttar Pradesh,26,6.9,0,0,30.5,22,7.8,0.367,30,0,1155
3H,4,Madhya Pradesh,73,56.2,0,0,47.6,67,51.6,1.117,273,1,1154
3G,3,Madhya Pradesh,294,3.0,0,1,76.7,43,52.7,0.478,201,0,1154
3C,1,Uttar Pradesh,131,25.9,0,1,51.6,55,23.3,0.611,78,0,1153
3G,3,Tamil Nadu,230,67.0,1,1,43.9,120,91.5,1.333,395,1,1152
3C,1,Rajasthan,236,176.5,0,1,48.4,11,34.5,0.122,46,0,1152
3C,1,Karnataka,120,46.8,0,2,43.3,38,77.5,0.422,116,1,1152
3G,3,Andhra Pradesh,114,3.0,0,1,87.8,122,61.2,1.356,306,0,1152
3E,5,Karnataka,66,14.9,0,1,59.2,86,34.2,1.911,257,0,1151
3H,4,Gujarat,143,96.8,0,2,57.0,228,30.2,3.8,349,1,1149
3E,5,Madhya Pradesh,137,99.4,0,0,52.7,95,5.8,2.111,124,0,1149
3G,3,Uttar Pradesh,283,156.9,0,1,83.9,126,50.1,1.4,276,0,1148
3G,3,Andhra Pradesh,446,284.2,2,3,63.0,183,59.1,2.033,360,1,1147
3E,5,Madhya Pradesh,58,52.5,1,1,22.1,145,43.0,3.222,360,1,1147
3A,0,Maharashtra,573,310.3,2,0,57.6,18,43.0,0.3,61,0,1147
3D,2,Madhya Pradesh,79,45.0,1,0,81.3,141,78.6,1.175,298,1,1145
3C,1,Gujarat,113,38.3,1,1,52.4,66,23.2,0.733,89,0,1144
3E,5,Tamil Nadu,155,88.0,1,0,39.4,90,45.0,2.0,315,1,1144
3D,2,Madhya Pradesh,47,18.2,1,0,83.2,207,54.4,1.725,316,0,1143
3D,2,Tamil Nadu,32,34.0,0,0,38.5,83,24.3,0.692,132,1,1143
3G,3,Madhya Pradesh,113,110.1,1,2,67.0,20,116.4,0.222,369,1,1143
3D,2,Rajasthan,119,74.9,0,0,53.5,260,6.6,2.167,273,1,1143
3D,2,Tamil Nadu,162,89.1,1,0,70.8,119,56.6,0.992,232,0,1143
3A,0,Karnataka,236,83.0,1,1,87.5,12,49.0,0.2,61,0,1142
3A,0,Karnataka,31,11.8,1,0,39.7,8,14.6,0.133,23,1,1142
3A,0,Tamil Nadu,133,48.2,5,0,39.0,51,4.6,0.85,56,1,1142
3D,2,Madhya Pradesh,12,5.8,0,0,51.9,61,13.6,0.508,88,0,1142
3A,0,Uttar Pradesh,489,347.5,2,1,27.6,24,8.4,0.4,32,1,1142
3G,3,Uttar Pradesh,40,25.0,0,0,40.2,98,32.9,1.089,197,1,1141
3D,2,Madhya Pradesh,115,68.6,1,0,43.7,50,81.5,0.417,213,1,1141
3H,4,Gujarat,38,23.2,1,0,86.8,96,49.9,1.6,296,0,1141
3H,4,Andhra Pradesh,416,3.0,2,3,56.0,385,44.1,6.417,562,1,1140
3C,1,Madhya Pradesh,62,18.4,0,0,63.7,91,83.2,1.011,174,0,1140
3D,2,Rajasthan,479,143.1,0,0,44.8,76,9.8,0.633,96,0,1139
3D,2,Gujarat,115,57.6,2,0,65.5,127,32.7,1.058,192,0,1139
3E,5,Tamil Nadu,67,17.8,0,0,59.7,157,47.0,3.489,392,0,1138
3G,3,Madhya Pradesh,318,182.4,1,3,30.8,149,58.3,1.656,324,1,1138
3C,1,Tamil Nadu,147,28.9,2,1,75.9,75,98.3,0.833,173,0,1138
3E,5,Madhya Pradesh,233,78.0,0,1,48.5,85,48.0,1.889,325,1,1137
3H,4,Madhya Pradesh,90,58.1,0,0,81.3,51,57.7,0.85,282,0,1137
3H,4,Karnataka,97,40.4,0,0,48.7,106,19.7,1.767,185,0,1137
3G,3,Maharashtra,65,35.2,0,0,63.1,49,52.5,0.544,206,0,1137
3C,1,Madhya Pradesh,228,87.9,2,0,67.9,43,89.7,0.478,133,0,1135
3C,1,Madhya Pradesh,189,68.9,1,0,57.6,42,79.0,0.467,121,0,1135
3H,4,Tamil Nadu,338,195.9,1,0,63.4,295,62.1,4.917,543,1,1135
3A,0,Tamil Nadu,281,215.8,1,1,44.8,16,21.5,0.267,38,0,1135
3G,3,Rajasthan,212,33.7,0,0,89.2,124,67.9,1.378,328,0,1134
3D,2,Uttar Pradesh,109,54.3,1,1,63.3,119,105.5,0.992,330,1,1133
3H,4,Andhra Pradesh,252,129.3,0,0,65.7,131,21.5,2.183,217,0,1133
3G,3,Maharashtra,277,146.9,0,0,44.0,107,29.3,1.189,195,0,1133
3G,3,Maharashtra,397,155.1,0,0,55.0,104,30.6,1.156,196,0,1133
3A,0,Andhra Pradesh,66,5.4,3,1,53.7,26,7.2,0.433,33,1,1131
3A,0,Uttar Pradesh,219,75.9,3,1,56.5,23,44.3,0.383,67,1,1130
3E,5,Gujarat,234,140.0,0,0,56.1,109,14.9,2.422,184,1,1130
3E,5,Maharashtra,194,99.4,2,0,52.7,72,43.5,1.6,289,0,1130
3C,1,Andhra Pradesh,319,204.4,0,0,25.3,44,14.3,0.489,58,1,1129
3H,4,Karnataka,257,215.6,0,0,87.9,48,82.2,0.8,377,0,1129
3C,1,Uttar Pradesh,527,205.3,2,1,86.9,11,114.5,0.122,125,0,1127
3E,5,Karnataka,200,81.7,1,0,50.5,104,24.4,2.311,226,0,1127
3C,1,Madhya Pradesh,89,22.3,1,0,47.4,48,39.6,0.533,88,0,1127
3H,4,Madhya Pradesh,304,115.1,0,1,76.8,49,57.5,0.817,279,0,1126
3D,2,Gujarat,127,97.8,2,0,80.5,216,59.4,1.8,335,1,1126
3G,3,Tamil Nadu,155,61.6,0,0,40.7,116,37.7,1.289,229,0,1126
3D,2,Gujarat,143,90.9,1,0,87.0,140,98.2,1.167,336,0,1126
3H,4,Tamil Nadu,124,32.9,0,0,50.4,17,31.1,0.283,141,0,1125
3E,5,Karnataka,50,54.8,1,3,69.9,387,27.0,8.6,522,1,1125
3H,4,Rajasthan,24,26.0,3,0,58.7,292,45.5,4.867,474,0,1124
3A,0,Karnataka,84,34.6,0,0,51.9,1,22.2,0.017,23,0,1123
3A,0,Karnataka,166,85.6,1,0,28.0,18,10.9,0.3,29,1,1123
3G,3,Andhra Pradesh,80,37.3,1,2,83.6,248,39.0,2.756,365,0,1123
3H,4,Uttar Pradesh,186,66.9,0,1,83.3,121,49.0,2.017,317,0,1123
3G,3,Karnataka,119,64.2,0,0,57.4,49,33.6,0.544,150,0,1123
3C,1,Rajasthan,100,53.6,0,0,72.1,83,70.1,0.922,153,1,1122
3D,2,Gujarat,286,61.3,1,0,32.1,64,33.9,0.533,132,0,1122
3H,4,Gujarat,236,182.5,0,0,78.1,203,52.5,3.383,413,0,1121
3D,2,Karnataka,138,93.1,1,0,60.0,145,67.6,1.208,280,1,1121
3E,5,Tamil Nadu,206,109.1,0,1,71.1,246,21.8,5.467,355,0,1121
3D,2,Maharashtra,251,61.3,2,0,38.0,60,48.8,0.5,158,1,1121
3G,3,Rajasthan,163,36.6,4,2,41.0,66,113.2,0.733,406,1,1120
3E,5,Maharashtra,157,43.3,1,1,42.7,132,41.0,2.933,337,0,1120
3A,0,Madhya Pradesh,360,199.7,0,2,77.5,32,21.3,0.533,53,0,1119
3C,1,Uttar Pradesh,124,47.5,0,0,72.9,107,46.8,1.189,154,0,1119
3D,2,Uttar Pradesh,66,37.2,1,1,59.6,129,99.4,1.075,328,1,1118
3C,1,Madhya Pradesh,217,45.4,1,0,44.5,21,44.4,0.233,65,0,1118
3E,5,Gujarat,113,51.2,0,0,75.0,181,50.1,4.022,431,0,1118
3D,2,Gujarat,347,281.4,3,1,55.4,139,68.9,1.158,277,1,1117
3H,4,Gujarat,473,220.2,2,0,19.3,79,66.7,1.317,346,1,1117
3C,1,Andhra Pradesh,83,37.9,1,2,66.0,29,93.1,0.322,122,0,1117
3E,5,Gujarat,76,68.1,0,1,59.4,114,14.8,2.533,188,0,1116
3D,2,Maharashtra,277,184.2,1,0,54.2,39,52.5,0.325,144,0,1116
3G,3,Gujarat,52,41.2,1,2,83.4,160,87.4,1.778,422,0,1115
3C,1,Madhya Pradesh,186,56.2,0,0,74.5,48,54.1,0.533,102,0,1115
3C,1,Tamil Nadu,92,9.9,0,0,60.0,16,49.3,0.178,65,0,1115
3C,1,Maharashtra,43,3.0,1,1,43.0,56,20.9,0.622,77,1,1114
3D,2,Karnataka,124,3.0,0,1,41.8,174,4.8,1.45,184,1,1114
3G,3,Maharashtra,192,100.9,0,1,64.0,89,35.4,0.989,195,0,1113
3G,3,Tamil Nadu,27,12.5,0,0,63.8,73,44.3,0.811,206,0,1113
3G,3,Madhya Pradesh,147,36.0,1,0,84.7,123,81.8,1.367,368,0,1113
3G,3,Andhra Pradesh,110,43.7,0,0,59.8,56,63.9,0.622,248,0,1112
3C,1,Karnataka,127,46.5,0,0,37.0,115,35.2,1.278,150,1,1111
3C,1,Rajasthan,81,45.8,0,1,53.8,17,37.5,0.189,54,0,1110
3A,0,Karnataka,187,79.7,0,1,62.4,14,13.9,0.233,28,0,1110
3D,2,Rajasthan,1076,762.9,3,2,43.3,212,62.9,1.767,338,1,1109
3G,3,Gujarat,48,26.8,2,0,47.1,82,38.1,0.911,196,0,1109
3G,3,Tamil Nadu,66,49.2,1,1,58.0,77,60.6,0.856,259,1,1109
3D,2,Madhya Pradesh,172,115.7,2,0,66.7,298,33.1,2.483,364,1,1109
3C,1,Rajasthan,265,130.7,0,0,40.4,17,43.0,0.189,60,0,1108
3D,2,Andhra Pradesh,1524,425.7,0,0,58.8,72,46.3,0.6,165,1,1108
3A,0,Rajasthan,78,54.1,0,0,62.8,9,31.1,0.15,40,0,1108
3A,0,Gujarat,115,25.6,0,0,42.7,12,9.2,0.2,21,0,1108
3G,3,Andhra Pradesh,276,61.6,1,0,41.3,69,88.5,0.767,335,1,1108
3A,0,Uttar Pradesh,110,55.3,4,3,62.7,53,26.9,0.883,80,1,1108
3A,0,Gujarat,34,29.0,0,0,66.3,12,10.2,0.2,22,0,1106
3G,3,Karnataka,53,14.5,0,0,38.1,77,45.5,0.856,213,1,1106
3H,4,Tamil Nadu,155,65.5,2,1,61.8,171,58.1,2.85,403,0,1105
3G,3,Maharashtra,14,8.2,0,0,57.0,47,25.5,0.522,124,0,1104
3A,0,Madhya Pradesh,58,9.0,2,0,33.3,12,22.4,0.2,34,0,1104
3D,2,Madhya Pradesh,40,3.0,4,2,61.5,188,85.6,1.567,359,0,1104
3H,4,Gujarat,107,63.6,2,0,61.5,43,118.2,0.717,516,1,1104
3C,1,Rajasthan,162,69.8,0,0,63.7,34,52.2,0.378,86,0,1103
3G,3,Tamil Nadu,224,106.1,0,0,46.0,82,31.3,0.911,176,0,1103
3C,1,Gujarat,85,27.3,3,1,47.5,64,95.3,0.711,159,1,1102
3E,5,Tamil Nadu,113,52.7,4,1,41.4,235,41.3,5.222,441,1,1099
3E,5,Karnataka,237,107.9,0,1,56.2,140,43.2,3.111,356,1,1099
3A,0,Tamil Nadu,49,3.0,0,0,53.7,16,15.1,0.267,31,0,1099
3G,3,Maharashtra,321,3.0,0,1,36.6,39,22.3,0.433,106,0,1099
3C,1,Gujarat,165,116.7,1,0,40.2,46,25.5,0.511,71,0,1098
3H,4,Rajasthan,107,79.6,1,2,74.4,94,85.6,1.567,437,0,1098
3H,4,Tamil Nadu,131,72.5,0,0,42.7,43,24.8,0.717,142,0,1097
3A,0,Karnataka,232,85.8,1,0,70.0,23,38.7,0.383,62,1,1097
3H,4,Maharashtra,185,64.0,0,0,56.0,77,14.1,1.283,133,0,1096
3E,5,Maharashtra,57,35.6,0,0,36.8,138,65.1,3.067,464,1,1095
3C,1,Karnataka,19,3.2,0,0,63.6,29,52.3,0.322,81,0,1094
3H,4,Andhra Pradesh,143,76.9,0,0,52.7,75,12.3,1.25,124,0,1094
3A,0,Andhra Pradesh,351,77.9,2,0,40.4,8,22.3,0.133,30,1,1093
3D,2,Gujarat,98,58.4,1,0,52.5,48,59.9,0.4,168,0,1092
3G,3,Gujarat,117,45.0,0,0,72.4,136,22.5,1.511,204,0,1091
3E,5,Karnataka,166,77.3,0,0,67.3,178,33.7,3.956,346,0,1091
3D,2,Madhya Pradesh,272,109.4,1,2,40.9,145,43.9,1.208,233,1,1091
3G,3,Rajasthan,200,90.0,0,0,86.7,151,39.9,1.678,271,0,1090
3D,2,Andhra Pradesh,128,92.9,2,1,58.9,31,135.2,0.258,301,1,1088
3A,0,Andhra Pradesh,130,51.0,1,0,55.2,20,14.0,0.333,34,0,1088
3D,2,Madhya Pradesh,75,80.3,1,0,47.6,74,37.5,0.617,149,0,1088
3H,4,Madhya Pradesh,179,76.1,0,0,39.5,102,20.3,1.7,183,0,1088
3G,3,Maharashtra,154,111.0,2,0,52.1,74,24.8,0.822,148,0,1087
3H,4,Uttar Pradesh,107,33.9,0,1,71.7,166,23.7,2.767,261,0,1087
3A,0,Andhra Pradesh,89,29.1,1,2,94.0,15,48.7,0.25,64,0,1087
3D,2,Gujarat,746,263.1,3,1,54.4,111,113.0,0.925,337,1,1086
3D,2,Maharashtra,202,98.1,2,1,65.3,96,121.5,0.8,339,1,1085
3D,2,Maharashtra,121,81.0,1,1,76.5,67,122.3,0.558,312,1,1084
3D,2,Maharashtra,54,14.9,0,1,60.1,161,17.9,1.342,197,1,1084
3C,1,Maharashtra,328,84.5,0,0,73.8,41,47.2,0.456,88,0,1084
3C,1,Maharashtra,150,122.9,0,0,79.6,36,66.2,0.4,102,0,1084
3D,2,Maharashtra,777,135.6,1,0,65.5,17,70.6,0.142,158,0,1083
3E,5,Karnataka,179,39.5,0,1,47.5,89,66.3,1.978,421,1,1083
3H,4,Uttar Pradesh,683,180.1,0,3,70.4,143,99.7,2.383,542,1,1082
3H,4,Uttar Pradesh,54,19.8,1,2,44.6,184,39.8,3.067,343,1,1081
3H,4,Maharashtra,225,88.5,0,1,64.7,167,58.9,2.783,403,0,1080
3H,4,Rajasthan,128,71.2,0,0,46.8,108,11.3,1.8,153,0,1080
3C,1,Karnataka,143,82.6,2,1,39.2,5,97.9,0.056,103,0,1080
3A,0,Rajasthan,61,19.2,0,0,67.1,9,50.8,0.15,60,0,1080
3G,3,Uttar Pradesh,276,7.5,3,0,51.1,41,93.4,0.456,321,0,1079
3C,1,Rajasthan,107,68.6,2,1,68.9,117,37.6,1.3,155,1,1079
3C,1,Maharashtra,57,13.2,1,1,73.6,28,101.2,0.311,129,0,1079
3C,1,Uttar Pradesh,192,73.5,3,0,45.4,66,63.0,0.733,129,1,1078
3H,4,Karnataka,82,68.8,2,1,46.4,79,89.2,1.317,436,1,1078
3H,4,Uttar Pradesh,35,7.4,0,0,66.2,43,53.4,0.717,257,0,1078
3H,4,Karnataka,102,42.1,1,0,48.4,133,34.3,2.217,270,1,1078
3A,0,Tamil Nadu,43,27.1,0,1,59.9,23,15.8,0.383,39,0,1077
3C,1,Uttar Pradesh,86,49.2,0,0,64.1,17,53.7,0.189,71,0,1076
3H,4,Karnataka,32,19.4,1,0,45.5,256,16.6,4.267,322,1,1076
3C,1,Andhra Pradesh,123,53.6,0,0,83.4,56,61.3,0.622,117,0,1076
3G,3,Andhra Pradesh,53,29.2,1,0,68.3,62,83.5,0.689,313,0,1075
3G,3,Rajasthan,132,45.1,1,0,39.1,35,37.9,0.389,149,0,1075
3G,3,Rajasthan,338,16.9,1,1,46.6,47,82.0,0.522,293,1,1075
3G,3,Tamil Nadu,188,67.6,1,2,45.7,51,87.4,0.567,313,0,1075
3A,0,Madhya Pradesh,57,53.1,1,2,54.2,31,29.3,0.517,60,1,1074
3H,4,Uttar Pradesh,70,41.3,1,1,67.0,90,77.3,1.5,399,0,1073
3H,4,Maharashtra,243,30.4,0,0,71.8,205,29.0,3.417,321,0,1072
3A,0,Rajasthan,195,123.1,0,1,62.6,16,20.7,0.267,37,0,1071
3A,0,Madhya Pradesh,90,36.1,1,1,68.6,14,38.6,0.233,53,0,1071
3C,1,Uttar Pradesh,124,68.3,0,0,45.9,45,64.0,0.5,109,1,1069
3A,0,Gujarat,228,124.9,2,0,61.0,11,33.1,0.183,44,0,1068
3E,5,Gujarat,64,32.2,1,1,48.9,218,60.8,4.844,522,1,1068
3G,3,Uttar Pradesh,330,253.6,0,0,86.4,35,81.2,0.389,279,0,1068
3D,2,Maharashtra,173,86.1,2,0,45.1,43,25.5,0.358,94,0,1067
3D,2,Rajasthan,38,3.0,1,1,21.8,27,56.9,0.225,141,1,1065
3A,0,Andhra Pradesh,500,334.1,2,0,63.5,6,49.8,0.1,56,0,1064
3E,5,Uttar Pradesh,449,237.7,3,0,58.7,191,83.7,4.244,610,1,1063
3D,2,Andhra Pradesh,338,228.4,2,2,41.3,87,77.2,0.725,241,1,1063
3H,4,Gujarat,169,51.7,2,1,52.7,116,67.3,1.933,385,1,1062
3H,4,Rajasthan,40,34.8,0,1,51.2,55,25.9,0.917,158,0,1062
3G,3,Maharashtra,61,34.3,2,1,71.9,20,125.1,0.222,395,0,1062
3G,3,Andhra Pradesh,39,19.8,0,0,52.4,41,36.1,0.456,149,0,1061
3E,5,Madhya Pradesh,49,49.4,1,0,68.3,130,45.3,2.889,357,0,1061
3E,5,Tamil Nadu,244,93.6,3,0,41.5,187,58.3,4.156,479,1,1061
3A,0,Uttar Pradesh,217,115.2,0,0,41.1,8,21.7,0.133,30,1,1061
3G,3,Gujarat,50,17.1,0,0,74.5,202,10.3,2.244,233,0,1061
3H,4,Gujarat,267,67.4,0,0,83.1,236,45.4,3.933,418,0,1061
3A,0,Tamil Nadu,216,128.9,1,1,50.3,25,19.3,0.417,44,1,1061
3C,1,Maharashtra,191,131.4,0,0,78.2,58,47.2,0.644,105,0,1060
3C,1,Andhra Pradesh,454,223.6,1,0,52.2,19,95.8,0.211,115,0,1060
3E,5,Uttar Pradesh,90,52.8,2,0,87.1,99,63.9,2.2,418,0,1059
3H,4,Tamil Nadu,37,3.0,0,0,55.5,26,27.2,0.433,135,0,1059
3H,4,Tamil Nadu,789,485.1,2,4,34.1,134,24.7,2.233,233,1,1059
3A,0,Andhra Pradesh,82,42.7,3,0,39.2,26,16.3,0.433,42,1,1059
3G,3,Rajasthan,203,90.9,2,2,48.8,82,102.0,0.911,388,1,1059
3G,3,Tamil Nadu,134,100.2,0,0,51.8,52,31.1,0.578,145,0,1059
3A,0,Andhra Pradesh,691,213.9,1,2,24.5,17,21.2,0.283,38,1,1058
3H,4,Andhra Pradesh,174,52.8,0,0,81.5,242,32.5,4.033,372,0,1058
3C,1,Uttar Pradesh,126,70.3,0,0,50.9,32,83.8,0.356,116,0,1058
3A,0,Madhya Pradesh,43,8.2,0,1,55.7,12,7.6,0.2,20,0,1057
3C,1,Tamil Nadu,64,54.1,0,0,65.7,23,24.6,0.256,48,0,1056
3E,5,Tamil Nadu,178,43.6,2,2,55.6,190,52.0,4.222,450,1,1056
3C,1,Karnataka,101,58.4,1,1,84.6,70,52.7,0.778,123,0,1056
3D,2,Rajasthan,223,108.0,2,0,51.5,202,45.5,1.683,293,1,1056
3A,0,Andhra Pradesh,116,78.9,1,2,55.9,52,24.1,0.867,76,1,1056
3E,5,Tamil Nadu,167,55.0,1,0,65.2,131,78.4,2.911,523,1,1055
3G,3,Karnataka,220,86.0,0,0,51.0,48,19.0,0.533,105,0,1055
3A,0,Uttar Pradesh,289,175.2,0,0,56.8,17,15.6,0.283,33,0,1054
3A,0,Gujarat,145,66.9,0,1,63.3,18,9.7,0.3,28,0,1054
3C,1,Karnataka,351,255.0,0,0,75.5,52,64.5,0.578,117,0,1054
3A,0,Rajasthan,605,303.8,4,0,37.4,7,58.3,0.117,65,1,1054
3D,2,Tamil Nadu,1043,747.2,0,0,40.0,33,55.9,0.275,145,1,1053
3H,4,Maharashtra,43,19.8,0,0,46.4,58,20.6,0.967,140,0,1053
3D,2,Tamil Nadu,30,32.4,0,0,60.3,148,48.1,1.233,244,1,1053
3A,0,Karnataka,74,44.4,0,0,91.0,31,27.9,0.517,59,0,1053
3E,5,Maharashtra,84,20.5,0,0,71.9,178,25.7,3.956,306,0,1053
3D,2,Tamil Nadu,78,43.9,0,0,76.6,115,41.8,0.958,199,0,1052
3C,1,Madhya Pradesh,345,259.2,1,1,57.2,17,137.8,0.189,155,0,1052
3C,1,Uttar Pradesh,238,81.1,2,1,73.9,124,34.4,1.378,158,1,1052
3H,4,Andhra Pradesh,70,12.1,0,0,70.0,110,50.0,1.833,310,0,1051
3D,2,Rajasthan,181,55.8,0,1,37.0,24,72.1,0.2,168,1,1051
3D,2,Gujarat,11,9.5,0,0,35.3,18,46.5,0.15,111,0,1051
3C,1,Karnataka,107,49.2,2,0,44.8,9,115.9,0.1,125,0,1051
3G,3,Uttar Pradesh,150,53.5,2,3,63.8,199,85.3,2.211,455,1,1050
3G,3,Tamil Nadu,80,56.0,0,0,88.9,171,62.4,1.9,358,0,1050
3D,2,Karnataka,98,30.1,1,0,56.0,89,32.5,0.742,154,1,1048
3G,3,Uttar Pradesh,466,282.1,1,1,70.4,229,25.1,2.544,304,1,1048
3G,3,Madhya Pradesh,203,97.6,1,2,77.2,195,26.5,2.167,275,0,1047
3C,1,Maharashtra,129,75.4,1,1,35.9,45,15.3,0.5,60,1,1046
3D,2,Karnataka,135,98.7,0,0,63.4,58,36.2,0.483,130,0,1046
3G,3,Andhra Pradesh,61,20.8,0,0,40.5,77,26.2,0.856,156,0,1046
3D,2,Maharashtra,253,128.5,0,0,53.9,42,20.8,0.35,84,0,1045
3D,2,Rajasthan,79,35.2,0,0,31.9,8,58.5,0.067,125,1,1045
3G,3,Tamil Nadu,86,11.7,3,0,45.3,263,59.0,2.922,440,1,1044
3G,3,Gujarat,207,38.3,2,0,47.0,221,58.7,2.456,397,1,1044
3A,0,Uttar Pradesh,188,66.3,1,0,58.1,27,36.9,0.45,64,1,1044
3G,3,Karnataka,313,177.6,0,0,64.9,8,49.0,0.089,155,0,1043
3H,4,Gujarat,129,44.0,2,0,53.5,159,35.6,2.65,301,1,1042
3A,0,Gujarat,305,82.9,0,0,50.2,14,27.0,0.233,41,0,1042
3G,3,Gujarat,109,68.8,1,0,50.8,112,38.6,1.244,228,0,1042
3C,1,Maharashtra,295,115.4,1,0,56.6,36,47.2,0.4,83,0,1041
3A,0,Rajasthan,276,159.0,1,1,78.6,10,38.6,0.167,49,0,1040
3D,2,Tamil Nadu,153,34.9,0,0,58.0,11,88.7,0.092,188,0,1040
3G,3,Maharashtra,35,3.0,0,0,79.4,13,81.7,0.144,258,0,1039
3E,5,Maharashtra,480,251.0,0,0,55.1,34,42.8,0.756,248,0,1038
3C,1,Tamil Nadu,220,138.5,2,0,38.6,14,57.7,0.156,72,1,1038
3A,0,Uttar Pradesh,41,30.6,0,0,73.2,10,24.0,0.167,34,0,1037
3C,1,Tamil Nadu,289,86.5,0,0,72.3,17,80.6,0.189,98,0,1037
3A,0,Gujarat,80,6.9,0,0,82.2,18,25.2,0.3,43,0,1037
3D,2,Andhra Pradesh,365,191.1,0,0,66.4,24,63.4,0.2,151,0,1036
3E,5,Madhya Pradesh,269,198.7,0,0,91.1,223,24.1,4.956,343,0,1036
3A,0,Karnataka,31,20.6,0,0,87.8,32,15.7,0.533,48,0,1036
3H,4,Gujarat,105,46.2,1,2,45.2,135,102.3,2.25,544,1,1036
3D,2,Uttar Pradesh,98,37.5,1,0,48.4,95,28.2,0.792,151,0,1036
3C,1,Maharashtra,481,120.0,3,1,50.3,71,89.6,0.789,161,1,1036
3D,2,Rajasthan,64,6.6,0,0,81.6,139,59.5,1.158,258,0,1036
3D,2,Rajasthan,298,105.9,2,0,44.4,75,94.2,0.625,263,1,1035
3C,1,Tamil Nadu,113,97.5,1,0,51.0,27,31.7,0.3,59,0,1035
3E,5,Rajasthan,611,153.2,0,0,65.8,13,48.6,0.289,256,0,1035
3E,5,Madhya Pradesh,281,198.8,1,0,75.8,246,42.2,5.467,457,0,1034
3G,3,Rajasthan,151,25.1,1,0,21.0,80,22.9,0.889,149,1,1033
3D,2,Tamil Nadu,34,25.2,1,1,80.4,44,117.9,0.367,280,0,1032
3C,1,Maharashtra,83,46.5,1,0,88.6,105,39.1,1.167,144,0,1032
3C,1,Uttar Pradesh,79,42.1,0,0,43.1,33,7.8,0.367,41,0,1032
3G,3,Maharashtra,71,48.9,2,1,72.0,150,114.6,1.667,494,1,1032
3D,2,Karnataka,91,37.3,0,1,63.7,77,49.7,0.642,176,0,1032
3A,0,Uttar Pradesh,182,85.7,0,0,84.3,20,34.1,0.333,54,0,1031
3C,1,Gujarat,23,16.9,2,1,66.8,29,83.5,0.322,112,0,1031
3G,3,Andhra Pradesh,103,25.1,2,1,18.2,58,43.7,0.644,189,1,1030
3D,2,Karnataka,114,66.8,2,1,44.2,101,33.9,0.842,169,1,1030
3D,2,Madhya Pradesh,134,43.8,2,2,66.1,140,91.4,1.167,323,1,1028
3G,3,Uttar Pradesh,92,50.6,0,0,50.6,59,21.8,0.656,124,0,1028
3G,3,Gujarat,64,28.3,1,0,68.8,301,42.8,3.344,429,0,1027
3D,2,Rajasthan,805,263.1,0,1,63.3,54,54.2,0.45,162,0,1027
3D,2,Uttar Pradesh,186,57.7,1,0,51.7,14,61.0,0.117,136,0,1027
3C,1,Rajasthan,185,88.7,1,0,65.8,29,43.4,0.322,72,0,1027
3E,5,Uttar Pradesh,74,16.5,1,0,51.7,34,31.8,0.756,193,1,1027
3C,1,Gujarat,133,55.6,1,2,78.2,88,79.2,0.978,167,0,1027
3D,2,Andhra Pradesh,479,47.5,2,1,31.8,47,49.8,0.392,147,1,1025
3D,2,Karnataka,69,19.3,2,0,34.2,11,54.3,0.092,120,1,1024
3D,2,Tamil Nadu,73,46.8,0,1,60.7,135,61.9,1.125,259,0,1024
3G,3,Maharashtra,330,137.2,0,0,38.6,74,25.0,0.822,149,1,1024
3C,1,Tamil Nadu,109,29.1,1,0,71.8,104,57.0,1.156,161,0,1023
3C,1,Gujarat,139,92.5,0,0,34.5,11,64.8,0.122,76,1,1023
3C,1,Karnataka,142,35.7,1,0,31.6,19,59.2,0.211,78,1,1023
3A,0,Tamil Nadu,18,18.9,0,1,58.8,12,35.6,0.2,48,1,1023
3C,1,Maharashtra,631,408.9,0,0,29.6,16,42.9,0.178,59,1,1023
3D,2,Madhya Pradesh,266,151.9,0,0,47.9,73,25.0,0.608,123,0,1022
3G,3,Uttar Pradesh,177,86.8,4,1,48.0,139,111.6,1.544,474,1,1022
3D,2,Rajasthan,164,23.7,2,0,48.9,131,112.3,1.092,356,1,1020
3C,1,Madhya Pradesh,95,36.8,1,0,66.5,74,71.8,0.822,146,0,1020
3E,5,Gujarat,70,47.6,2,0,57.7,326,51.3,7.244,583,0,1020
3H,4,Maharashtra,311,137.3,0,2,44.7,37,69.2,0.617,314,0,1019
3D,2,Tamil Nadu,242,92.2,0,0,47.5,33,61.2,0.275,155,1,1019
3A,0,Maharashtra,47,10.3,2,1,67.8,37,37.3,0.617,74,1,1019
3D,2,Gujarat,156,98.6,4,1,57.4,189,27.6,1.575,244,1,1018
3D,2,Uttar Pradesh,101,3.0,0,0,65.6,65,44.4,0.542,154,0,1018
3H,4,Gujarat,317,209.8,1,2,54.0,116,27.4,1.933,226,0,1018
3A,0,Uttar Pradesh,211,136.9,6,3,31.4,7,59.1,0.117,66,1,1017
3D,2,Andhra Pradesh,91,30.1,0,0,54.6,38,36.3,0.317,111,0,1017
3D,2,Rajasthan,148,89.4,0,0,53.2,90,42.4,0.75,175,0,1017
3C,1,Tamil Nadu,97,51.0,0,0,43.6,18,26.1,0.2,44,0,1016
3G,3,Maharashtra,389,222.3,0,0,79.1,150,33.8,1.667,251,0,1015
3A,0,Madhya Pradesh,58,22.5,0,0,66.9,7,21.5,0.117,29,0,1015
3C,1,Andhra Pradesh,587,421.3,0,0,53.5,27,43.3,0.3,70,0,1015
3E,5,Gujarat,198,102.3,2,1,45.8,123,48.6,2.733,366,1,1014
3G,3,Madhya Pradesh,64,3.0,0,0,90.2,158,56.3,1.756,327,0,1014
3A,0,Madhya Pradesh,14,13.2,0,2,75.4,18,43.7,0.3,62,0,1014
3G,3,Gujarat,98,6.7,0,1,67.1,397,7.0,4.411,418,1,1014
3E,5,Rajasthan,233,169.6,0,2,77.1,148,40.9,3.289,353,0,1013
3H,4,Tamil Nadu,119,94.5,0,1,61.6,63,35.5,1.05,205,0,1012
3D,2,Gujarat,166,57.8,0,1,82.8,88,83.1,0.733,254,0,1012
3E,5,Karnataka,189,48.8,1,1,63.6,444,12.3,9.867,506,1,1011
3E,5,Tamil Nadu,142,103.0,3,2,24.6,198,31.8,4.4,357,1,1011
3H,4,Gujarat,133,57.7,0,1,41.5,43,38.0,0.717,195,1,1011
3E,5,Uttar Pradesh,116,58.3,0,0,55.6,144,34.8,3.2,318,0,1010
3D,2,Karnataka,188,83.3,1,0,75.3,214,47.8,1.783,310,0,1010
3C,1,Rajasthan,84,19.6,3,1,49.8,97,42.1,1.078,139,1,1010
3A,0,Rajasthan,216,81.6,0,0,74.7,4,50.2,0.067,54,0,1009
3E,5,Karnataka,108,69.9,0,1,91.3,77,69.9,1.711,426,0,1009
3G,3,Karnataka,59,29.8,4,0,53.5,121,124.3,1.344,494,1,1009
3D,2,Karnataka,128,119.7,0,1,84.4,194,31.7,1.617,257,0,1008
3G,3,Tamil Nadu,164,84.6,0,0,42.7,75,20.4,0.833,136,0,1008
3D,2,Rajasthan,122,54.7,0,0,57.4,108,37.6,0.9,183,0,1006
3D,2,Rajasthan,35,3.0,1,1,64.0,178,65.0,1.483,308,0,1006
3G,3,Karnataka,216,122.9,1,2,58.6,78,91.6,0.867,353,0,1006
3H,4,Rajasthan,375,211.2,1,0,42.3,141,32.8,2.35,272,0,1006
3A,0,Tamil Nadu,281,57.4,2,2,97.3,23,53.7,0.383,77,1,1005
3C,1,Maharashtra,238,112.2,0,1,72.7,75,50.8,0.833,126,0,1005
3G,3,Maharashtra,415,118.4,1,0,84.3,152,67.5,1.689,355,0,1004
3C,1,Gujarat,71,49.9,1,1,35.0,33,61.9,0.367,95,1,1004
3D,2,Andhra Pradesh,163,3.0,0,0,66.8,163,26.7,1.358,216,0,1004
3D,2,Maharashtra,311,176.4,1,1,63.7,89,82.2,0.742,253,0,1003
3D,2,Maharashtra,715,334.7,6,1,25.1,216,75.7,1.8,367,1,1003
3E,5,Tamil Nadu,56,11.4,2,1,77.3,19,60.4,0.422,321,0,1003
3A,0,Uttar Pradesh,127,17.5,0,1,59.9,23,10.4,0.383,33,0,1003
3D,2,Gujarat,73,24.7,1,0,65.1,55,79.5,0.458,214,0,1002
3C,1,Karnataka,557,120.8,0,1,58.1,39,36.1,0.433,75,0,1002
3D,2,Gujarat,57,36.9,0,1,50.6,143,50.5,1.192,244,1,1002
3D,2,Uttar Pradesh,185,73.2,0,1,63.5,31,57.8,0.258,147,0,1001
3E,5,Andhra Pradesh,497,279.5,2,0,34.8,49,51.6,1.089,307,1,1000
3G,3,Karnataka,74,11.9,0,0,43.0,95,43.7,1.056,226,1,1000
3D,2,Rajasthan,105,68.5,3,0,22.5,36,37.1,0.3,110,1,999
3E,5,Rajasthan,396,197.8,1,2,71.6,243,61.1,5.4,549,1,999
3E,5,Gujarat,759,630.1,3,0,21.0,162,13.4,3.6,229,1,999
3D,2,Uttar Pradesh,461,164.9,1,0,57.3,94,21.0,0.783,136,0,998
3D,2,Maharashtra,92,43.5,0,0,93.2,148,39.2,1.233,226,0,998
3D,2,Andhra Pradesh,102,19.1,0,0,67.5,32,50.0,0.267,132,0,998
3H,4,Madhya Pradesh,218,116.7,0,1,67.8,185,37.5,3.083,335,0,998
3D,2,Andhra Pradesh,44,23.5,1,0,65.7,77,59.7,0.642,196,0,997
3H,4,Tamil Nadu,260,98.8,1,0,42.0,88,74.1,1.467,384,1,997
3A,0,Tamil Nadu,36,24.8,1,0,59.9,5,35.9,0.083,41,1,997
3H,4,Andhra Pradesh,317,220.4,1,0,53.1,19,54.4,0.317,236,0,995
3H,4,Madhya Pradesh,332,111.2,4,3,61.6,306,68.2,5.1,579,1,995
3D,2,Rajasthan,53,16.1,0,0,58.6,86,32.5,0.717,151,0,995
3G,3,Madhya Pradesh,78,20.4,1,0,48.6,137,58.8,1.522,313,0,994
3G,3,Andhra Pradesh,55,15.3,1,0,67.9,347,35.2,3.856,453,1,994
3E,5,Madhya Pradesh,86,59.1,1,0,77.4,248,20.4,5.511,350,0,994
3A,0,Andhra Pradesh,103,67.8,1,1,47.4,10,19.6,0.167,30,1,993
3D,2,Rajasthan,84,3.0,1,1,74.4,245,25.5,2.042,296,0,992
3G,3,Andhra Pradesh,376,127.3,0,1,44.2,29,83.0,0.322,278,0,992
3H,4,Uttar Pradesh,152,108.2,2,0,21.4,43,66.0,0.717,307,1,992
3D,2,Gujarat,33,9.9,0,0,73.4,114,27.8,0.95,170,0,991
3G,3,Tamil Nadu,261,79.9,1,1,52.3,62,50.2,0.689,212,0,991
3C,1,Andhra Pradesh,90,52.7,0,0,47.2,23,25.6,0.256,49,0,991
3D,2,Tamil Nadu,232,96.1,1,1,67.2,100,57.3,0.833,215,0,990
3D,2,Maharashtra,44,7.7,2,0,41.0,85,114.5,0.708,314,1,989
3D,2,Madhya Pradesh,39,12.9,0,0,74.4,53,127.8,0.442,309,0,988
3G,3,Maharashtra,164,82.1,2,2,77.7,201,57.3,2.233,373,0,987
3D,2,Madhya Pradesh,127,28.0,0,1,67.7,141,29.6,1.175,200,0,987
3A,0,Madhya Pradesh,264,80.4,0,1,93.6,12,40.1,0.2,52,0,987
3D,2,Andhra Pradesh,31,29.9,1,0,53.3,88,92.3,0.733,273,1,986
3A,0,Tamil Nadu,63,40.0,0,0,53.9,8,36.6,0.133,45,0,986
3G,3,Andhra Pradesh,96,63.3,1,0,39.6,59,73.9,0.656,281,1,985
3D,2,Madhya Pradesh,195,109.0,2,0,51.0,67,48.6,0.558,164,1,985
3D,2,Gujarat,113,11.3,1,1,55.5,174,13.9,1.45,202,0,985
3D,2,Andhra Pradesh,345,109.6,0,0,53.6,19,33.5,0.158,86,0,985
3H,4,Tamil Nadu,106,14.1,1,0,48.9,58,23.8,0.967,153,0,984
3G,3,Tamil Nadu,64,49.5,0,0,59.0,72,18.0,0.8,126,0,984
3A,0,Gujarat,291,109.8,0,0,80.3,45,5.0,0.75,50,0,983
3D,2,Rajasthan,59,26.5,1,1,60.6,76,113.7,0.633,303,1,982
3D,2,Karnataka,159,39.8,1,0,77.2,170,97.3,1.417,365,1,982
3C,1,Karnataka,10,3.0,0,0,47.0,22,34.8,0.244,57,1,981
3C,1,Andhra Pradesh,153,95.6,1,0,41.6,69,7.8,0.767,77,1,980
3D,2,Uttar Pradesh,75,23.4,1,1,74.7,122,124.6,1.017,371,1,979
3C,1,Gujarat,33,12.6,1,0,37.9,21,44.8,0.233,66,1,979
3C,1,Rajasthan,42,22.6,4,3,41.8,151,37.0,1.678,188,1,979
3C,1,Maharashtra,374,270.4,1,0,32.2,38,20.7,0.422,59,1,979
3E,5,Karnataka,27,22.7,0,0,46.8,49,21.3,1.089,155,0,979
3A,0,Madhya Pradesh,83,10.3,1,2,68.6,16,34.5,0.267,51,1,979
3A,0,Karnataka,407,163.9,1,0,71.4,19,42.7,0.317,62,1,978
3D,2,Gujarat,199,160.5,0,1,42.7,44,33.6,0.367,111,1,978
3D,2,Tamil Nadu,272,191.7,0,1,54.8,67,70.0,0.558,207,1,977
3G,3,Maharashtra,113,68.0,1,4,66.2,367,38.2,4.078,482,1,976
3G,3,Uttar Pradesh,146,91.7,2,0,59.8,313,50.3,3.478,464,1,976
3D,2,Rajasthan,43,3.0,2,0,35.9,56,70.4,0.467,197,1,975
3D,2,Rajasthan,48,44.2,1,0,64.6,125,14.9,1.042,155,0,975
3A,0,Gujarat,93,62.1,1,0,43.0,17,6.2,0.283,23,0,975
3C,1,Karnataka,181,58.1,1,0,37.0,40,51.6,0.444,92,1,974
3H,4,Gujarat,243,141.2,2,1,72.0,234,68.2,3.9,507,1,974
3C,1,Andhra Pradesh,380,112.2,0,0,88.8,60,68.5,0.667,129,0,973
3D,2,Uttar Pradesh,244,120.1,1,1,33.3,42,39.1,0.35,120,1,973
3D,2,Gujarat,162,85.6,0,1,53.2,13,125.0,0.108,263,0,973
3H,4,Andhra Pradesh,140,70.9,0,1,50.6,69,21.1,1.15,153,0,973
3C,1,Uttar Pradesh,113,62.2,3,2,61.5,100,103.4,1.111,203,1,972
3A,0,Tamil Nadu,83,50.3,1,0,74.5,33,35.4,0.55,68,0,972
3A,0,Gujarat,72,20.9,1,0,63.0,22,48.2,0.367,70,1,972
3A,0,Andhra Pradesh,77,11.5,1,1,32.9,21,38.7,0.35,60,1,972
3A,0,Tamil Nadu,143,63.8,3,1,54.7,34,29.0,0.567,63,1,971
3A,0,Tamil Nadu,301,169.3,1,0,57.9,17,26.0,0.283,43,0,971
3C,1,Uttar Pradesh,78,30.2,0,0,73.2,54,33.5,0.6,88,0,971
3D,2,Maharashtra,86,8.5,0,0,63.1,45,48.1,0.375,141,0,970
3C,1,Rajasthan,381,92.3,2,0,59.4,38,100.6,0.422,139,1,969
3G,3,Madhya Pradesh,108,53.8,4,1,39.3,115,76.3,1.278,344,1,969
3G,3,Tamil Nadu,151,89.0,1,0,43.0,21,57.3,0.233,193,1,968
3A,0,Uttar Pradesh,137,83.7,4,1,34.7,45,31.0,0.75,76,1,968
3D,2,Rajasthan,53,46.2,0,0,75.8,77,48.1,0.642,173,0,967
3C,1,Uttar Pradesh,263,98.0,2,0,51.4,11,58.3,0.122,69,0,966
3E,5,Andhra Pradesh,83,37.5,2,0,45.7,125,12.1,2.778,186,0,966
3C,1,Andhra Pradesh,85,25.0,2,1,84.4,23,110.4,0.256,133,0,966
3G,3,Uttar Pradesh,312,64.5,0,0,51.1,68,15.0,0.756,113,0,966
3C,1,Gujarat,12,3.0,0,0,66.8,12,76.5,0.133,89,0,966
3C,1,Uttar Pradesh,60,28.4,2,0,53.6,88,79.1,0.978,167,1,965
3H,4,Gujarat,554,272.3,0,0,36.7,20,48.7,0.333,215,1,964
3D,2,Madhya Pradesh,81,27.2,0,0,62.8,65,38.7,0.542,142,0,964
3A,0,Uttar Pradesh,160,62.1,1,0,50.6,13,22.2,0.217,35,0,963
3C,1,Andhra Pradesh,110,63.7,1,0,33.0,60,7.3,0.667,67,1,963
3D,2,Karnataka,53,21.8,0,0,33.1,141,24.5,1.175,190,1,962
3D,2,Uttar Pradesh,200,63.7,3,0,54.9,68,70.3,0.567,209,1,961
3A,0,Madhya Pradesh,654,226.1,1,0,46.5,5,14.3,0.083,19,0,961
3H,4,Rajasthan,104,48.8,0,2,48.7,129,39.4,2.15,287,0,960
3E,5,Maharashtra,88,19.2,1,0,48.7,87,19.4,1.933,184,0,958
3H,4,Rajasthan,102,52.9,1,1,91.2,310,23.8,5.167,405,0,957
3D,2,Rajasthan,88,25.3,0,0,42.4,91,15.4,0.758,122,0,957
3A,0,Gujarat,155,35.6,1,0,72.6,18,34.7,0.3,53,0,956
3G,3,Tamil Nadu,54,36.5,1,0,71.4,326,53.6,3.622,487,1,956
3C,1,Tamil Nadu,39,26.5,0,1,44.6,2,42.9,0.022,45,0,955
3C,1,Uttar Pradesh,190,78.8,0,1,76.6,45,84.1,0.5,129,0,955
3D,2,Maharashtra,502,221.1,1,0,50.1,46,45.2,0.383,136,0,955
3A,0,Uttar Pradesh,74,9.2,0,0,51.4,18,6.7,0.3,25,0,954
3D,2,Andhra Pradesh,54,26.4,0,0,79.7,79,65.7,0.658,210,0,954
3D,2,Tamil Nadu,319,66.0,2,1,48.5,65,99.6,0.542,264,1,953
3G,3,Gujarat,94,23.1,3,0,45.6,155,21.9,1.722,221,0,953
3E,5,Andhra Pradesh,41,3.0,2,1,57.2,236,77.9,5.244,626,1,950
3A,0,Uttar Pradesh,182,74.5,3,0,46.1,17,47.3,0.283,64,1,949
3A,0,Uttar Pradesh,670,420.3,3,0,41.6,22,58.3,0.367,80,1,949
3G,3,Maharashtra,281,139.2,2,0,51.1,208,42.2,2.311,334,1,949
3A,0,Karnataka,276,48.8,2,3,57.2,20,41.9,0.333,62,1,948
3D,2,Karnataka,60,9.0,2,0,61.6,112,85.7,0.933,283,1,948
3D,2,Tamil Nadu,108,64.2,0,0,67.1,34,31.4,0.283,97,0,948
3E,5,Gujarat,21,4.8,1,0,67.8,147,45.4,3.267,374,0,948
3A,0,Uttar Pradesh,142,78.8,0,1,81.7,27,26.1,0.45,53,0,948
3D,2,Gujarat,44,22.8,0,0,76.8,126,48.8,1.05,224,0,947
3A,0,Madhya Pradesh,151,65.9,1,0,35.3,8,19.6,0.133,28,1,947
3D,2,Rajasthan,607,233.4,1,3,84.0,152,48.7,1.267,249,0,947
3C,1,Gujarat,39,16.0,1,0,87.5,59,109.8,0.656,169,0,947
3G,3,Maharashtra,371,172.0,2,1,62.0,59,111.7,0.656,394,0,946
3E,5,Uttar Pradesh,67,31.9,1,2,83.4,342,21.6,7.6,450,0,945
3H,4,Uttar Pradesh,197,106.7,0,0,38.0,35,29.5,0.583,153,0,945
3C,1,Tamil Nadu,137,78.7,1,0,56.7,48,60.8,0.533,109,1,945
3D,2,Madhya Pradesh,35,16.4,0,0,66.3,39,31.2,0.325,101,0,945
3D,2,Andhra Pradesh,137,29.0,0,0,64.3,128,84.1,1.067,296,0,945
3A,0,Madhya Pradesh,39,3.0,1,0,83.2,42,31.2,0.7,73,0,944
3A,0,Tamil Nadu,59,4.7,0,1,54.1,7,18.0,0.117,25,0,943
3G,3,Maharashtra,228,201.5,0,2,56.0,253,38.4,2.811,368,0,943
3D,2,Maharashtra,63,35.1,1,0,39.4,129,13.2,1.075,155,1,943
3D,2,Maharashtra,138,68.2,3,0,40.1,113,15.0,0.942,143,1,942
3C,1,Madhya Pradesh,123,38.0,0,0,57.4,56,69.8,0.622,126,0,942
3H,4,Karnataka,895,332.8,0,0,82.4,65,61.6,1.083,311,0,942
3G,3,Karnataka,85,87.7,1,1,49.7,73,90.4,0.811,344,1,941
3A,0,Gujarat,211,152.7,1,0,46.1,17,26.6,0.283,44,1,939
3H,4,Andhra Pradesh,86,17.5,0,1,57.9,120,41.3,2.0,285,0,938
3D,2,Uttar Pradesh,130,13.6,0,2,53.3,100,95.0,0.833,290,1,937
3A,0,Uttar Pradesh,39,28.3,1,0,78.6,27,23.0,0.45,50,0,937
3G,3,Uttar Pradesh,137,99.5,2,0,60.5,128,97.3,1.422,420,0,937
3D,2,Madhya Pradesh,49,25.8,0,0,74.3,77,40.9,0.642,159,0,936
3D,2,Gujarat,127,44.5,1,0,47.5,27,65.7,0.225,158,1,934
3H,4,Rajasthan,74,3.5,1,0,58.7,119,74.0,1.983,415,1,934
3C,1,Maharashtra,77,13.1,0,0,39.1,37,67.4,0.411,104,1,933
3C,1,Gujarat,143,102.9,0,1,56.5,10,35.9,0.111,46,0,932
3C,1,Rajasthan,27,30.5,0,1,82.8,60,101.5,0.667,162,0,930
3H,4,Tamil Nadu,259,200.9,1,0,62.4,301,53.4,5.017,514,1,929
3G,3,Uttar Pradesh,105,7.4,0,0,53.3,33,47.9,0.367,177,0,928
3E,5,Uttar Pradesh,98,74.2,0,0,79.5,106,48.9,2.356,351,0,928
3E,5,Uttar Pradesh,43,28.3,1,0,33.3,108,19.6,2.4,206,1,928
3C,1,Tamil Nadu,481,179.3,0,0,82.1,73,31.9,0.811,105,0,928
3C,1,Rajasthan,85,65.7,0,2,73.2,49,68.1,0.544,117,0,927
3G,3,Uttar Pradesh,73,22.2,1,1,57.4,86,79.4,0.956,324,0,927
3H,4,Madhya Pradesh,24,3.0,2,2,66.0,27,128.8,0.45,542,1,927
3A,0,Madhya Pradesh,288,101.2,0,2,74.8,21,35.4,0.35,56,0,926
3D,2,Andhra Pradesh,124,63.5,1,0,66.7,87,68.7,0.725,224,0,926
3H,4,Tamil Nadu,13,12.3,0,0,66.0,123,36.3,2.05,268,0,926
3H,4,Karnataka,235,73.1,4,1,50.9,431,31.1,7.183,555,1,926
3G,3,Rajasthan,76,56.7,1,0,55.5,56,64.4,0.622,249,0,926
3C,1,Madhya Pradesh,19,16.7,0,0,66.4,47,44.5,0.522,92,0,925
3C,1,Uttar Pradesh,78,29.8,0,0,40.9,12,49.1,0.133,61,0,925
3G,3,Rajasthan,136,37.6,1,1,56.9,226,26.6,2.511,306,1,925
3D,2,Andhra Pradesh,351,256.3,1,0,51.2,98,62.9,0.817,224,1,924
3C,1,Gujarat,54,5.6,0,0,53.0,24,68.7,0.267,93,0,924
3D,2,Gujarat,75,6.4,0,1,38.4,58,34.3,0.483,127,1,923
3D,2,Maharashtra,123,65.0,1,0,44.0,76,28.0,0.633,132,1,923
3D,2,Andhra Pradesh,67,19.2,0,1,88.8,66,88.2,0.55,242,0,923
3A,0,Gujarat,431,293.5,0,0,39.4,15,9.4,0.25,24,1,923
3H,4,Gujarat,309,88.6,1,0,86.8,43,71.0,0.717,327,0,923
3C,1,Gujarat,46,43.1,2,1,45.0,56,38.1,0.622,94,0,923
3C,1,Maharashtra,214,29.9,3,0,67.2,44,125.3,0.489,169,0,922
3A,0,Maharashtra,200,149.3,0,0,61.5,16,27.2,0.267,43,0,921
3D,2,Uttar Pradesh,48,27.4,0,0,48.1,46,54.1,0.383,154,0,921
3D,2,Karnataka,127,92.2,0,0,90.1,87,67.4,0.725,222,0,921
3A,0,Tamil Nadu,96,66.4,0,0,62.3,7,36.0,0.117,43,0,920
3D,2,Rajasthan,89,17.8,1,0,77.9,182,38.1,1.517,258,0,918
3D,2,Madhya Pradesh,65,51.0,0,1,70.5,99,58.4,0.825,216,0,918
3H,4,Maharashtra,146,17.5,0,0,41.8,32,39.0,0.533,188,1,918
3E,5,Madhya Pradesh,29,11.0,1,0,63.1,57,61.4,1.267,364,0,916
3C,1,Rajasthan,191,87.2,3,0,57.7,84,48.4,0.933,132,0,916
3A,0,Uttar Pradesh,216,96.6,1,1,47.0,18,14.0,0.3,32,0,915
3E,5,Madhya Pradesh,146,61.3,4,0,43.5,150,62.9,3.333,465,1,914
3H,4,Maharashtra,116,18.9,0,0,68.1,390,41.5,6.5,556,1,914
3D,2,Rajasthan,625,21.4,2,0,47.0,59,36.5,0.492,132,0,913
3D,2,Karnataka,92,51.4,1,1,58.9,37,50.1,0.308,137,0,912
3A,0,Uttar Pradesh,49,11.0,0,0,61.1,4,26.5,0.067,31,0,912
3A,0,Karnataka,645,227.1,1,0,92.6,24,37.4,0.4,61,0,912
3C,1,Rajasthan,123,3.0,0,3,75.7,75,58.6,0.833,134,0,912
3A,0,Gujarat,124,27.2,3,1,42.9,50,21.2,0.833,71,1,910
3C,1,Gujarat,297,144.1,0,0,52.2,36,26.4,0.4,62,0,910
3C,1,Andhra Pradesh,814,327.4,1,1,46.1,38,131.3,0.422,169,1,910
3E,5,Karnataka,102,81.9,1,1,71.5,213,52.3,4.733,475,0,909
3E,5,Maharashtra,160,37.8,1,0,35.3,11,43.2,0.244,227,1,909
3D,2,Tamil Nadu,87,55.0,2,0,52.2,72,39.7,0.6,151,0,907
3H,4,Maharashtra,91,74.1,0,1,57.9,36,53.0,0.6,248,0,907
3D,2,Karnataka,407,195.5,1,0,47.6,52,33.8,0.433,120,0,906
3G,3,Rajasthan,202,106.7,0,0,57.3,93,31.0,1.033,186,0,906
3A,0,Gujarat,716,308.6,1,1,49.1,13,13.9,0.217,27,0,905
3A,0,Maharashtra,118,21.7,0,1,65.0,9,21.8,0.15,31,0,905
3D,2,Rajasthan,291,127.8,1,0,56.9,148,52.5,1.233,253,0,904
3A,0,Karnataka,168,107.2,0,0,49.8,13,16.3,0.217,29,1,903
3D,2,Uttar Pradesh,123,83.4,2,1,60.6,125,105.1,1.042,335,1,903
3G,3,Maharashtra,182,114.9,0,0,45.9,50,32.7,0.556,148,0,903
3C,1,Gujarat,245,161.8,0,1,53.6,44,22.5,0.489,66,0,902
3E,5,Tamil Nadu,252,70.5,0,0,54.5,193,46.5,4.289,426,0,902
3E,5,Andhra Pradesh,704,340.5,0,0,50.2,138,23.2,3.067,254,0,902
3G,3,Andhra Pradesh,69,56.1,1,0,56.3,193,60.7,2.144,375,1,901
3G,3,Uttar Pradesh,119,29.6,1,0,37.4,63,28.3,0.7,148,0,901
3C,1,Andhra Pradesh,260,133.8,0,2,42.6,60,77.9,0.667,138,1,899
3C,1,Tamil Nadu,257,188.6,0,1,57.3,49,39.8,0.544,89,0,899
3C,1,Madhya Pradesh,149,109.8,0,0,85.5,68,49.0,0.756,117,0,899
3H,4,Uttar Pradesh,138,53.4,4,1,60.0,302,64.3,5.033,559,1,899
3A,0,Rajasthan,285,183.7,3,1,47.6,17,62.1,0.283,79,1,898
3G,3,Madhya Pradesh,204,120.0,4,2,38.4,111,113.9,1.233,453,1,898
3H,4,Gujarat,160,92.3,1,0,41.2,34,39.8,0.567,193,1,897
3H,4,Karnataka,126,61.2,0,0,44.2,17,78.7,0.283,332,0,897
3C,1,Rajasthan,186,99.2,0,0,75.4,20,79.0,0.222,99,0,897
3D,2,Uttar Pradesh,199,71.1,1,1,61.3,32,78.5,0.267,189,0,897
3H,4,Maharashtra,401,193.5,0,1,59.6,49,79.8,0.817,368,1,896
3A,0,Madhya Pradesh,89,45.4,0,1,44.6,8,12.0,0.133,20,0,896
3H,4,Maharashtra,153,31.5,0,0,40.3,48,30.0,0.8,168,1,896
3G,3,Karnataka,117,32.7,0,2,92.6,15,95.8,0.167,303,0,893
3C,1,Maharashtra,202,87.3,2,3,49.4,75,98.6,0.833,174,1,892
3G,3,Karnataka,364,374.0,1,1,40.2,99,15.9,1.1,147,0,891
3C,1,Rajasthan,55,7.8,1,1,61.1,22,115.6,0.244,138,0,891
3C,1,Madhya Pradesh,104,36.1,0,0,20.3,10,48.8,0.111,59,1,890
3D,2,Uttar Pradesh,176,107.4,1,1,21.1,40,39.0,0.333,118,1,890
3D,2,Tamil Nadu,124,67.8,0,1,98.0,41,86.3,0.342,214,0,890
3A,0,Tamil Nadu,139,48.2,2,0,44.4,13,11.0,0.217,24,0,889
3A,0,Uttar Pradesh,28,3.0,0,0,94.8,22,32.1,0.367,54,0,889
3H,4,Rajasthan,362,312.2,0,0,42.7,25,30.5,0.417,147,0,888
3G,3,Rajasthan,146,60.5,0,0,57.5,20,34.1,0.222,122,0,888
3H,4,Rajasthan,128,52.6,0,0,52.1,79,57.9,1.317,310,1,885
3D,2,Rajasthan,203,100.1,0,1,30.7,66,42.7,0.55,151,1,885
3D,2,Uttar Pradesh,191,50.8,1,0,58.6,56,27.7,0.467,111,0,884
3C,1,Madhya Pradesh,24,4.1,0,0,49.1,23,64.4,0.256,87,0,883
3E,5,Uttar Pradesh,112,65.0,1,0,95.7,96,66.2,2.133,427,0,883
3G,3,Maharashtra,177,66.5,1,1,14.5,123,43.2,1.367,252,1,883
3G,3,Tamil Nadu,545,284.7,0,1,52.1,47,32.8,0.522,145,0,882
3D,2,Madhya Pradesh,222,83.1,1,1,43.3,95,58.4,0.792,212,1,882
3E,5,Karnataka,137,54.4,0,0,50.9,146,30.0,3.244,296,0,881
3C,1,Maharashtra,79,17.7,0,0,71.6,93,34.6,1.033,128,0,880
3H,4,Madhya Pradesh,53,37.6,0,0,56.5,114,23.6,1.9,208,0,880
3C,1,Rajasthan,154,68.3,1,1,82.0,52,148.8,0.578,201,1,880
3A,0,Maharashtra,100,43.3,1,1,59.3,45,19.1,0.75,64,0,879
3G,3,Madhya Pradesh,122,76.5,2,0,61.0,183,59.1,2.033,360,1,879
3C,1,Gujarat,435,194.7,0,0,59.9,13,95.9,0.144,109,0,879
3G,3,Gujarat,401,223.9,2,0,63.0,78,92.6,0.867,356,1,878
3G,3,Maharashtra,299,156.7,2,4,66.5,21,134.3,0.233,424,1,878
3C,1,Uttar Pradesh,63,33.2,0,0,81.4,53,72.5,0.589,126,0,878
3A,0,Uttar Pradesh,184,56.5,0,1,88.9,21,47.4,0.35,68,0,878
3H,4,Maharashtra,129,75.8,2,0,31.6,150,16.6,2.5,216,1,877
3A,0,Rajasthan,194,123.7,0,0,77.5,37,17.9,0.617,55,0,876
3D,2,Andhra Pradesh,40,8.6,1,1,66.4,84,68.0,0.7,220,1,876
3D,2,Maharashtra,304,147.7,3,0,49.9,38,124.6,0.317,287,1,875
3G,3,Rajasthan,128,10.7,0,0,62.2,32,69.6,0.356,241,0,875
3A,0,Rajasthan,210,19.4,2,1,36.9,19,24.5,0.317,44,1,874
3C,1,Madhya Pradesh,152,85.8,1,1,79.6,115,50.7,1.278,166,0,874
3G,3,Andhra Pradesh,136,70.4,0,0,52.2,49,25.9,0.544,127,0,874
3D,2,Uttar Pradesh,43,16.6,0,0,72.9,29,61.9,0.242,153,0,874
3G,3,Rajasthan,456,168.4,2,2,56.7,116,95.0,1.289,401,1,873
3D,2,Karnataka,319,147.4,1,0,59.8,95,92.9,0.792,281,0,872
3C,1,Rajasthan,22,11.8,0,1,74.7,46,50.5,0.511,96,0,872
3G,3,Maharashtra,122,67.2,2,1,62.9,293,32.3,3.256,390,0,872
3D,2,Karnataka,77,41.8,0,2,57.3,33,75.5,0.275,184,0,871
3C,1,Tamil Nadu,118,76.8,0,1,53.6,17,55.8,0.189,73,0,871
3A,0,Uttar Pradesh,159,114.4,2,1,64.7,12,54.2,0.2,66,1,871
3D,2,Karnataka,129,80.8,0,0,81.4,184,51.6,1.533,287,0,871
3C,1,Rajasthan,394,91.3,0,1,53.4,21,34.3,0.233,55,0,871
3C,1,Gujarat,179,52.7,0,1,35.6,33,54.7,0.367,88,1,871
3G,3,Uttar Pradesh,242,73.6,3,1,61.9,236,80.4,2.622,477,1,870
3G,3,Andhra Pradesh,41,46.8,0,0,68.3,122,61.2,1.356,306,0,869
3G,3,Maharashtra,62,26.5,1,0,38.1,62,41.6,0.689,187,0,869
3H,4,Andhra Pradesh,154,104.6,1,0,51.9,74,18.3,1.233,147,0,869
3A,0,Andhra Pradesh,183,114.4,0,0,57.7,14,20.7,0.233,35,0,869
3C,1,Maharashtra,59,3.5,1,0,49.7,12,51.0,0.133,63,1,868
3A,0,Andhra Pradesh,246,65.5,0,0,58.3,16,19.2,0.267,35,0,868
3C,1,Uttar Pradesh,353,132.9,1,1,61.1,74,32.8,0.822,107,1,866
3A,0,Maharashtra,401,124.4,2,0,91.3,16,51.8,0.267,68,0,864
3A,0,Tamil Nadu,385,325.2,1,0,83.2,11,32.6,0.183,44,0,864
3G,3,Andhra Pradesh,40,8.8,0,0,71.8,163,53.3,1.811,323,0,864
3C,1,Rajasthan,133,50.1,1,1,75.5,74,109.6,0.822,184,1,864
3A,0,Madhya Pradesh,120,29.7,2,0,61.4,19,35.5,0.317,54,0,863
3G,3,Karnataka,373,191.3,1,1,37.3,93,18.2,1.033,148,0,863
3G,3,Tamil Nadu,34,32.3,2,0,59.3,51,112.7,0.567,389,0,862
3C,1,Maharashtra,271,179.7,2,0,46.8,44,97.4,0.489,141,1,862
3C,1,Andhra Pradesh,59,29.8,0,1,56.3,38,40.0,0.422,78,0,861
3C,1,Madhya Pradesh,124,36.2,4,0,33.4,73,33.9,0.811,107,1,861
3C,1,Uttar Pradesh,293,124.8,1,0,40.9,64,38.0,0.711,102,1,860
3C,1,Maharashtra,1714,900.0,0,0,55.1,27,29.5,0.3,57,0,857
3G,3,Gujarat,117,98.3,0,0,74.3,65,97.2,0.722,357,0,856
3D,2,Maharashtra,58,11.9,1,0,32.7,50,28.7,0.417,107,0,856
3G,3,Karnataka,85,19.7,0,0,43.5,79,23.0,0.878,148,0,856
3E,5,Maharashtra,18,3.0,0,0,75.8,82,67.2,1.822,418,0,856
3A,0,Rajasthan,147,45.7,1,0,71.9,15,43.3,0.25,58,0,855
3D,2,Rajasthan,144,37.8,0,0,51.5,94,19.4,0.783,133,0,855
3A,0,Tamil Nadu,146,41.7,0,0,76.4,10,26.2,0.167,36,0,855
3G,3,Andhra Pradesh,187,52.8,1,3,51.0,205,57.0,2.278,376,1,854
3A,0,Gujarat,290,204.8,0,0,66.6,10,24.3,0.167,34,0,854
3C,1,Tamil Nadu,56,7.6,2,0,6.0,18,44.1,0.2,62,1,853
3D,2,Karnataka,53,26.7,0,0,52.8,34,35.9,0.283,106,0,853
3H,4,Uttar Pradesh,256,3.0,2,0,73.3,85,54.8,1.417,304,0,853
3A,0,Gujarat,185,86.9,1,0,76.4,48,25.6,0.8,74,0,852
3E,5,Uttar Pradesh,199,137.7,0,1,32.5,46,39.5,1.022,243,1,851
3E,5,Maharashtra,547,266.7,3,0,72.2,255,51.4,5.667,512,0,851
3D,2,Madhya Pradesh,28,3.0,1,0,78.7,76,68.9,0.633,214,0,851
3D,2,Andhra Pradesh,101,23.3,4,2,63.2,128,91.8,1.067,312,1,851
3D,2,Madhya Pradesh,102,45.0,3,1,31.8,143,76.9,1.192,297,1,851
3A,0,Uttar Pradesh,567,304.0,0,2,75.2,20,14.9,0.333,35,0,847
3G,3,Maharashtra,77,17.5,0,0,77.8,41,88.4,0.456,306,0,847
3A,0,Rajasthan,89,26.1,2,0,30.8,17,7.3,0.283,24,1,847
3A,0,Maharashtra,124,83.5,1,0,67.1,10,25.5,0.167,35,0,847
3A,0,Maharashtra,155,36.0,0,3,52.2,6,41.1,0.1,47,1,847
3D,2,Maharashtra,130,50.1,2,0,53.1,128,51.2,1.067,230,1,847
3G,3,Karnataka,22,3.0,0,1,51.1,68,13.7,0.756,109,0,846
3D,2,Madhya Pradesh,111,52.1,1,0,63.8,42,87.6,0.35,217,0,846
3D,2,Gujarat,65,53.2,0,0,56.5,42,35.9,0.35,114,0,846
3C,1,Andhra Pradesh,153,13.0,0,1,56.6,38,72.4,0.422,110,0,845
3C,1,Rajasthan,72,3.0,2,0,41.2,81,47.1,0.9,128,1,845
3C,1,Gujarat,63,35.5,0,0,31.3,26,57.1,0.289,83,1,845
3H,4,Uttar Pradesh,109,22.7,1,0,72.2,98,53.1,1.633,310,0,844
3H,4,Andhra Pradesh,62,64.3,0,0,74.5,154,36.1,2.567,298,0,844
3A,0,Maharashtra,497,121.4,1,0,29.8,11,16.9,0.183,28,0,844
3G,3,Uttar Pradesh,101,39.6,1,0,79.9,54,95.8,0.6,341,0,844
3A,0,Karnataka,40,18.4,2,0,29.0,8,15.4,0.133,23,1,843
3A,0,Tamil Nadu,358,164.0,2,2,50.5,18,55.1,0.3,73,1,843
3A,0,Uttar Pradesh,271,149.4,0,2,54.8,7,16.8,0.117,24,0,842
3C,1,Uttar Pradesh,150,58.1,0,0,45.0,50,24.0,0.556,74,0,842
3C,1,Madhya Pradesh,109,58.2,0,0,87.3,64,59.9,0.711,124,0,841
3C,1,Madhya Pradesh,227,180.6,1,0,47.1,111,36.3,1.233,147,1,840
3D,2,Madhya Pradesh,143,59.0,1,1,58.4,65,105.2,0.542,275,1,839
3D,2,Karnataka,124,62.7,1,0,18.7,51,31.0,0.425,113,1,838
3C,1,Uttar Pradesh,83,49.5,1,0,68.0,42,64.5,0.467,107,0,838
3H,4,Rajasthan,9,3.0,0,0,79.0,210,38.7,3.5,365,0,838
3G,3,Rajasthan,74,23.5,0,0,87.9,102,36.0,1.133,210,0,837
3C,1,Andhra Pradesh,285,146.7,4,1,34.4,39,66.1,0.433,105,1,836
3E,5,Madhya Pradesh,348,91.6,2,0,42.8,124,44.7,2.756,348,1,834
3D,2,Andhra Pradesh,178,121.3,0,0,55.2,47,36.9,0.392,121,0,834
3A,0,Rajasthan,130,85.9,0,0,66.5,8,18.5,0.133,26,0,834
3H,4,Rajasthan,307,55.3,0,0,54.5,98,23.7,1.633,193,0,833
3G,3,Karnataka,216,35.7,0,0,88.4,42,84.5,0.467,296,0,832
3G,3,Rajasthan,87,31.9,1,0,63.4,157,48.7,1.744,303,0,832
3D,2,Maharashtra,139,102.1,1,0,75.5,53,96.4,0.442,246,1,831
3G,3,Madhya Pradesh,103,50.0,0,2,58.9,83,28.8,0.922,170,0,831
3C,1,Rajasthan,680,278.3,0,0,33.9,7,50.5,0.078,58,1,830
3A,0,Uttar Pradesh,191,113.0,0,0,52.7,15,7.0,0.25,22,0,829
3D,2,Rajasthan,166,100.6,2,2,57.4,165,51.6,1.375,268,1,828
3G,3,Andhra Pradesh,26,17.3,2,0,47.0,91,17.8,1.011,144,0,828
3C,1,Gujarat,312,90.3,1,0,65.8,85,53.8,0.944,139,1,827
3C,1,Andhra Pradesh,143,86.1,0,2,84.8,74,82.4,0.822,156,0,827
3C,1,Gujarat,254,127.0,1,0,77.9,57,68.4,0.633,125,0,827
3G,3,Gujarat,73,24.0,0,1,68.2,16,73.6,0.178,237,0,826
3C,1,Uttar Pradesh,486,81.6,1,0,81.9,89,23.8,0.989,113,0,826
3A,0,Rajasthan,48,22.9,1,0,62.2,34,34.4,0.567,68,1,826
3C,1,Tamil Nadu,98,50.8,1,0,34.8,24,26.6,0.267,51,0,825
3G,3,Rajasthan,112,50.3,0,0,51.4,45,29.8,0.5,134,0,823
3E,5,Maharashtra,55,34.0,1,0,52.6,212,25.3,4.711,338,1,823
3G,3,Madhya Pradesh,471,88.4,1,0,67.7,197,76.6,2.189,427,1,822
3E,5,Karnataka,52,6.4,1,0,52.8,143,31.7,3.178,301,0,822
3D,2,Rajasthan,57,21.3,0,1,63.2,50,44.8,0.417,140,0,822
3A,0,Maharashtra,166,77.9,2,1,62.1,24,37.1,0.4,61,0,821
3D,2,Maharashtra,46,12.1,0,1,92.4,108,60.9,0.9,230,0,820
3C,1,Karnataka,38,15.4,1,0,65.0,91,49.1,1.011,140,0,820
3E,5,Uttar Pradesh,192,94.2,3,2,69.1,293,38.3,6.511,484,1,820
3H,4,Uttar Pradesh,48,42.1,2,0,47.6,196,48.4,3.267,390,1,820
3G,3,Gujarat,400,279.0,2,0,56.4,233,25.1,2.589,308,0,820
3D,2,Gujarat,143,79.7,0,0,96.4,81,82.3,0.675,246,0,819
3A,0,Karnataka,140,53.0,1,0,51.8,26,17.2,0.433,43,0,819
3D,2,Uttar Pradesh,294,99.5,0,0,66.3,80,37.0,0.667,154,0,819
3C,1,Uttar Pradesh,88,64.9,3,1,66.4,140,38.5,1.556,179,1,819
3G,3,Maharashtra,46,18.4,0,0,55.6,76,23.1,0.844,145,0,818
3D,2,Karnataka,424,106.4,0,0,48.8,27,25.6,0.225,78,0,818
3H,4,Gujarat,120,83.1,0,0,56.5,98,44.1,1.633,274,0,818
3D,2,Rajasthan,176,60.4,0,1,26.7,20,55.3,0.167,131,1,817
3G,3,Maharashtra,93,71.0,0,0,46.7,187,6.8,2.078,207,1,817
3H,4,Rajasthan,500,125.7,5,1,50.3,323,47.7,5.383,514,1,815
3A,0,Karnataka,240,127.1,2,0,48.3,36,40.6,0.6,77,0,814
3H,4,Rajasthan,36,3.0,2,0,77.2,156,58.6,2.6,391,0,814
3G,3,Uttar Pradesh,177,72.1,1,1,63.7,94,49.9,1.044,244,0,813
3G,3,Maharashtra,34,3.0,4,0,30.1,43,91.5,0.478,317,1,813
3H,4,Madhya Pradesh,21,4.0,0,1,49.7,44,37.3,0.733,193,0,813
3D,2,Maharashtra,179,86.9,0,0,59.6,47,22.0,0.392,91,0,813
3A,0,Karnataka,130,6.9,0,2,77.8,21,20.1,0.35,41,0,812
3G,3,Madhya Pradesh,284,49.5,1,1,79.7,251,47.4,2.789,393,0,812
3H,4,Karnataka,58,59.6,3,0,19.8,45,51.7,0.75,252,1,811
3A,0,Tamil Nadu,134,58.2,1,1,47.1,16,16.6,0.267,33,1,810
3C,1,Andhra Pradesh,42,10.8,0,0,81.9,111,44.9,1.233,156,0,810
3E,5,Uttar Pradesh,83,48.0,0,0,42.7,126,32.2,2.8,287,1,810
3H,4,Rajasthan,92,27.5,0,1,62.8,131,31.1,2.183,255,0,809
3C,1,Maharashtra,107,37.5,3,2,25.5,48,57.2,0.533,105,1,809
3D,2,Rajasthan,56,31.9,3,1,50.9,21,100.5,0.175,222,1,809
3C,1,Madhya Pradesh,67,26.9,0,1,61.9,25,47.5,0.278,73,0,808
3A,0,Rajasthan,151,76.0,0,1,95.4,21,36.8,0.35,58,0,808
3H,4,Maharashtra,59,76.5,1,1,77.4,311,39.3,5.183,468,0,808
3H,4,Maharashtra,133,71.6,0,0,81.8,214,56.8,3.567,441,0,807
3G,3,Madhya Pradesh,185,69.5,0,0,65.2,122,44.5,1.356,255,0,806
3C,1,Tamil Nadu,156,78.0,1,0,41.5,61,85.4,0.678,146,1,806
3G,3,Uttar Pradesh,117,50.5,2,2,25.8,69,36.1,0.767,177,1,806
3A,0,Tamil Nadu,43,29.5,1,1,24.9,6,39.0,0.1,45,1,805
3D,2,Gujarat,139,74.7,3,0,64.5,120,53.4,1.0,227,0,805
3D,2,Karnataka,82,30.6,0,0,67.4,67,46.4,0.558,160,0,804
3A,0,Maharashtra,125,114.5,1,0,43.6,17,13.9,0.283,31,1,804
3C,1,Maharashtra,216,122.2,0,0,71.0,73,31.5,0.811,104,0,804
3H,4,Rajasthan,36,3.0,1,2,62.9,346,39.0,5.767,502,1,802
3D,2,Karnataka,104,41.8,0,2,52.2,30,34.2,0.25,98,0,802
3A,0,Madhya Pradesh,57,32.1,1,0,56.1,12,17.4,0.2,29,0,802
3D,2,Gujarat,137,68.3,0,0,61.6,61,19.7,0.508,100,0,801
3A,0,Karnataka,192,63.4,1,1,65.2,12,48.6,0.2,61,0,800
3G,3,Rajasthan,22,3.0,0,0,72.3,50,81.9,0.556,296,0,800
3C,1,Gujarat,82,27.3,0,0,72.7,32,39.7,0.356,72,0,799
3D,2,Uttar Pradesh,132,83.4,1,1,49.2,13,42.6,0.108,98,0,799
3H,4,Rajasthan,67,35.4,0,0,55.0,67,31.5,1.117,193,0,798
3G,3,Andhra Pradesh,77,35.7,2,2,42.7,58,48.8,0.644,204,1,798
3H,4,Rajasthan,720,242.8,1,0,47.5,127,12.7,2.117,178,0,797
3H,4,Andhra Pradesh,28,9.1,1,0,42.3,121,8.7,2.017,156,0,796
3G,3,Madhya Pradesh,70,3.0,2,2,56.5,162,94.0,1.8,444,1,796
3D,2,Karnataka,390,142.0,0,0,52.8,42,38.3,0.35,119,0,795
3E,5,Uttar Pradesh,42,24.3,0,0,65.5,125,17.4,2.778,212,0,795
3G,3,Tamil Nadu,43,23.9,0,0,86.5,91,95.3,1.011,377,0,795
3A,0,Karnataka,350,180.7,1,0,57.2,19,13.7,0.317,33,0,794
3D,2,Uttar Pradesh,91,87.2,1,1,60.2,24,82.4,0.2,189,0,794
3D,2,Karnataka,302,178.0,4,0,47.5,162,93.4,1.35,349,1,793
3C,1,Karnataka,112,70.8,2,0,59.9,68,64.6,0.756,133,0,793
3H,4,Karnataka,103,48.6,0,0,79.0,38,59.7,0.633,277,0,793
3C,1,Karnataka,200,19.2,0,1,94.4,20,115.4,0.222,135,0,793
3E,5,Andhra Pradesh,443,341.7,1,1,56.0,193,53.1,4.289,459,0,792
3D,2,Tamil Nadu,285,102.7,0,0,50.5,86,54.2,0.717,194,1,792
3D,2,Uttar Pradesh,58,29.5,0,0,54.8,175,27.6,1.458,230,0,791
3H,4,Tamil Nadu,53,23.5,0,0,77.4,80,53.4,1.333,293,0,791
3E,5,Madhya Pradesh,70,58.7,1,1,90.7,155,47.5,3.444,392,0,791
3G,3,Andhra Pradesh,132,45.7,0,0,23.3,23,38.1,0.256,137,1,790
3C,1,Andhra Pradesh,96,35.7,0,2,79.8,63,89.0,0.7,152,0,788
3A,0,Madhya Pradesh,56,24.7,0,1,54.2,19,9.6,0.317,29,0,788
3H,4,Gujarat,181,124.9,3,2,45.4,219,37.5,3.65,369,1,786
3A,0,Tamil Nadu,240,89.6,4,0,23.4,39,23.4,0.65,62,1,785
3E,5,Karnataka,154,74.2,1,0,53.2,81,51.4,1.8,338,0,785
3C,1,Maharashtra,71,43.0,0,0,61.0,49,58.8,0.544,108,0,785
3C,1,Andhra Pradesh,22,6.6,0,0,52.6,42,13.2,0.467,55,0,784
3G,3,Maharashtra,161,87.0,2,0,33.1,123,28.6,1.367,209,1,784
3D,2,Karnataka,28,28.4,1,2,32.8,23,82.4,0.192,188,1,784
3D,2,Gujarat,15,32.9,1,0,36.1,22,64.4,0.183,151,1,783
3C,1,Tamil Nadu,155,59.2,2,0,59.4,63,101.8,0.7,165,1,783
3D,2,Uttar Pradesh,108,40.4,0,0,54.8,55,47.3,0.458,150,0,783
3E,5,Andhra Pradesh,150,42.5,2,1,63.3,151,79.8,3.356,550,0,783
3G,3,Madhya Pradesh,135,36.5,0,1,52.6,112,100.8,1.244,414,0,783
3A,0,Andhra Pradesh,228,186.2,0,0,43.8,13,16.4,0.217,29,1,782
3C,1,Gujarat,160,26.6,0,0,46.4,35,34.1,0.389,69,0,782
3E,5,Karnataka,195,105.4,0,0,46.6,90,8.5,2.0,133,0,782
3A,0,Uttar Pradesh,159,60.8,1,0,49.6,12,23.8,0.2,36,0,781
3C,1,Rajasthan,39,32.2,1,0,58.5,24,27.9,0.267,52,0,780
3D,2,Tamil Nadu,451,203.2,1,0,51.9,219,10.4,1.825,240,1,779
3D,2,Tamil Nadu,293,84.2,3,1,56.0,184,92.8,1.533,370,1,778
3H,4,Andhra Pradesh,48,44.4,0,0,75.3,45,82.3,0.75,374,0,777
3D,2,Gujarat,473,87.9,0,0,47.8,45,44.1,0.375,133,0,777
3C,1,Andhra Pradesh,124,4.7,0,0,99.0,60,70.6,0.667,131,0,777
3D,2,Karnataka,51,26.9,3,0,22.4,58,56.9,0.483,172,1,776
3G,3,Karnataka,325,130.2,0,0,36.0,83,45.9,0.922,221,1,775
3H,4,Gujarat,80,63.4,1,1,67.5,126,76.5,2.1,432,0,775
3G,3,Uttar Pradesh,21,31.1,1,1,50.9,57,35.2,0.633,162,0,773
3G,3,Andhra Pradesh,195,123.9,2,2,50.0,188,55.3,2.089,354,0,773
3C,1,Tamil Nadu,295,64.9,0,2,55.7,17,53.6,0.189,71,0,773
3C,1,Madhya Pradesh,13,3.0,0,1,43.3,19,29.2,0.211,48,0,772
3C,1,Madhya Pradesh,95,89.7,0,1,33.3,31,52.8,0.344,84,1,770
3C,1,Madhya Pradesh,113,3.0,1,1,21.2,48,26.7,0.533,75,1,770
3H,4,Madhya Pradesh,96,45.6,2,1,67.8,402,44.2,6.7,579,1,769
3A,0,Maharashtra,148,14.6,0,0,51.4,24,17.6,0.4,42,0,769
3C,1,Uttar Pradesh,383,160.6,2,1,43.6,85,44.8,0.944,130,1,769
3C,1,Uttar Pradesh,112,74.8,2,0,46.7,35,60.5,0.389,95,1,768
3G,3,Tamil Nadu,80,72.8,0,0,64.3,107,46.3,1.189,246,0,768
3D,2,Madhya Pradesh,110,52.0,0,1,46.2,27,34.0,0.225,95,0,768
3E,5,Uttar Pradesh,193,73.0,1,0,59.1,129,76.5,2.867,512,0,767
3G,3,Tamil Nadu,58,36.1,0,1,37.3,47,64.2,0.522,240,1,766
3D,2,Rajasthan,1119,625.2,1,0,60.2,46,85.4,0.383,217,0,765
3A,0,Madhya Pradesh,107,47.0,1,0,82.3,19,37.7,0.317,57,0,764
3C,1,Andhra Pradesh,262,112.3,0,0,59.8,90,40.2,1.0,130,0,763
3C,1,Karnataka,121,36.3,0,0,41.9,41,57.8,0.456,99,0,763
3D,2,Karnataka,184,70.1,2,0,54.2,103,73.3,0.858,250,1,763
3C,1,Tamil Nadu,130,70.2,2,0,50.2,76,42.5,0.844,118,1,762
3C,1,Andhra Pradesh,453,332.0,0,1,54.4,20,56.0,0.222,76,0,760
3C,1,Maharashtra,124,3.0,0,0,46.5,35,51.7,0.389,87,0,760
3D,2,Tamil Nadu,41,6.6,1,0,72.3,94,27.6,0.783,149,0,759
3E,5,Tamil Nadu,212,137.3,1,2,48.0,94,68.6,2.089,437,1,759
3H,4,Maharashtra,116,56.5,1,2,88.3,238,37.0,3.967,386,0,758
3C,1,Karnataka,254,40.0,0,3,56.9,130,55.0,1.444,185,1,757
3H,4,Rajasthan,83,50.6,0,0,42.7,47,85.7,0.783,390,1,756
3C,1,Madhya Pradesh,99,74.4,0,0,77.6,16,90.4,0.178,106,0,756
3A,0,Karnataka,649,422.3,1,1,57.5,11,41.4,0.183,52,1,755
3H,4,Tamil Nadu,390,228.3,4,0,40.5,314,45.2,5.233,495,1,754
3D,2,Rajasthan,19,25.0,0,0,83.3,137,34.8,1.142,207,0,754
3C,1,Gujarat,38,26.6,1,2,36.4,97,90.4,1.078,187,0,754
3D,2,Andhra Pradesh,590,284.4,2,1,32.7,83,74.8,0.692,233,1,754
3E,5,Karnataka,280,116.2,1,0,31.7,93,22.2,2.067,204,1,754
3A,0,Gujarat,275,32.0,0,0,64.1,11,23.5,0.183,34,0,753
3H,4,Madhya Pradesh,140,129.2,2,1,46.2,114,42.0,1.9,282,1,751
3G,3,Gujarat,71,46.2,1,0,49.8,74,35.0,0.822,179,0,751
3D,2,Madhya Pradesh,30,15.0,0,0,55.1,42,62.4,0.35,167,1,751
3H,4,Rajasthan,63,24.7,1,1,59.3,161,95.1,2.683,541,1,751
3D,2,Maharashtra,128,64.1,0,0,66.5,23,80.4,0.192,184,0,751
3D,2,Gujarat,585,348.4,0,1,81.3,41,123.9,0.342,289,0,750
3H,4,Maharashtra,156,100.9,2,0,65.2,198,73.0,3.3,490,1,746
3G,3,Uttar Pradesh,18,3.0,1,0,67.5,60,77.2,0.667,292,0,746
3A,0,Andhra Pradesh,252,37.4,0,0,30.2,6,20.3,0.1,26,0,746
3C,1,Andhra Pradesh,1875,900.0,2,0,76.3,32,83.2,0.356,115,0,745
3A,0,Gujarat,205,87.0,0,0,52.0,13,21.3,0.217,34,0,745
3A,0,Gujarat,69,46.2,1,0,69.6,7,25.4,0.117,32,0,745
3D,2,Andhra Pradesh,385,114.8,1,1,60.7,73,59.9,0.608,193,0,744
3G,3,Tamil Nadu,55,47.8,2,2,48.6,160,41.9,1.778,286,1,744
3A,0,Gujarat,57,48.0,0,1,91.2,20,30.3,0.333,50,0,743
3D,2,Gujarat,128,48.0,0,2,51.9,95,57.7,0.792,210,0,743
3D,2,Andhra Pradesh,92,54.4,1,0,83.6,144,111.1,1.2,366,1,743
3H,4,Tamil Nadu,386,166.8,0,0,44.2,59,17.8,0.983,130,0,743
3D,2,Karnataka,301,224.1,0,1,71.1,136,58.6,1.133,253,0,742
3D,2,Gujarat,73,48.4,1,0,86.3,141,69.9,1.175,281,0,742
3A,0,Gujarat,329,151.5,1,0,59.7,13,49.0,0.217,62,0,742
3A,0,Karnataka,24,3.0,1,1,82.0,13,37.8,0.217,51,0,741
3A,0,Karnataka,257,96.0,3,0,20.5,29,17.7,0.483,47,1,741
3E,5,Gujarat,114,67.4,0,0,32.9,61,23.6,1.356,179,1,741
3C,1,Tamil Nadu,468,223.4,0,1,54.3,12,38.3,0.133,50,0,739
3C,1,Tamil Nadu,125,65.2,0,0,57.0,24,42.0,0.267,66,0,739
3G,3,Gujarat,384,136.4,1,0,74.3,197,58.4,2.189,372,0,738
3C,1,Karnataka,80,28.2,1,0,72.2,68,66.5,0.756,135,0,738
3A,0,Tamil Nadu,160,105.0,1,0,73.6,30,35.7,0.5,66,0,737
3C,1,Andhra Pradesh,36,29.1,0,0,56.0,26,54.5,0.289,81,0,737
3C,1,Karnataka,140,38.4,0,0,50.2,34,52.6,0.378,87,0,737
3A,0,Rajasthan,121,50.4,2,1,52.9,10,33.3,0.167,43,1,736
3E,5,Madhya Pradesh,276,68.4,5,4,8.2,144,55.3,3.2,421,1,735
3G,3,Andhra Pradesh,328,134.5,0,1,68.2,258,41.4,2.867,382,0,734
3A,0,Andhra Pradesh,1095,553.3,1,0,48.5,44,13.8,0.733,58,1,734
3C,1,Gujarat,234,54.7,1,0,79.1,80,24.1,0.889,104,0,734
3C,1,Gujarat,66,3.0,0,0,83.3,68,57.8,0.756,126,0,734
3C,1,Karnataka,233,44.2,0,1,75.1,56,51.5,0.622,108,0,734
3E,5,Uttar Pradesh,439,192.5,1,0,40.4,80,15.5,1.778,158,0,733
3G,3,Karnataka,435,269.5,1,1,53.2,109,41.5,1.211,233,0,731
3A,0,Madhya Pradesh,99,23.6,0,0,38.8,2,17.1,0.033,19,0,730
3C,1,Maharashtra,131,28.6,0,0,71.2,74,8.8,0.822,83,0,730
3D,2,Rajasthan,124,30.2,1,0,77.9,132,57.2,1.1,246,0,728
3D,2,Tamil Nadu,41,4.6,0,1,63.9,85,49.1,0.708,183,0,727
3H,4,Madhya Pradesh,171,95.1,0,1,91.1,171,49.3,2.85,368,0,726
3D,2,Madhya Pradesh,127,44.3,0,2,80.9,29,125.4,0.242,280,0,726
3C,1,Karnataka,76,66.6,0,0,60.1,38,59.7,0.422,98,0,725
3E,5,Rajasthan,102,72.2,0,1,80.5,116,48.7,2.578,359,0,725
3D,2,Maharashtra,144,86.9,1,1,62.7,147,54.7,1.225,256,0,724
3C,1,Karnataka,27,20.2,1,0,48.9,28,86.5,0.311,115,1,723
3A,0,Tamil Nadu,337,115.1,2,0,21.2,7,16.3,0.117,23,1,722
3D,2,Rajasthan,88,18.6,0,0,64.0,29,75.8,0.242,181,0,722
3C,1,Maharashtra,186,71.8,0,0,50.2,49,43.3,0.544,92,1,721
3G,3,Madhya Pradesh,105,81.1,3,0,30.4,131,10.4,1.456,162,1,720
3E,5,Gujarat,286,172.9,0,1,42.0,155,9.2,3.444,201,1,719
3A,0,Madhya Pradesh,46,9.0,3,3,46.0,17,29.5,0.283,46,1,718
3G,3,Karnataka,379,277.4,2,0,63.8,138,47.3,1.533,280,0,717
3G,3,Tamil Nadu,167,28.5,0,0,68.5,50,57.8,0.556,223,0,716
3E,5,Madhya Pradesh,76,38.9,1,0,81.3,267,20.9,5.933,371,0,716
3A,0,Tamil Nadu,170,149.6,1,1,89.3,40,26.3,0.667,66,0,716
3C,1,Maharashtra,60,63.5,2,1,45.3,83,107.1,0.922,190,1,716
3C,1,Andhra Pradesh,676,188.8,0,0,62.9,27,81.0,0.3,108,0,715
3D,2,Tamil Nadu,261,74.3,0,0,74.7,118,38.9,0.983,196,0,715
3H,4,Madhya Pradesh,343,230.5,0,0,59.3,15,30.7,0.25,138,0,714
3G,3,Karnataka,182,113.3,0,0,65.6,83,16.9,0.922,134,0,714
3A,0,Karnataka,111,65.0,0,0,50.2,3,21.9,0.05,25,0,714
3D,2,Tamil Nadu,209,42.8,1,3,22.3,89,72.9,0.742,235,1,713
3C,1,Karnataka,225,136.7,1,0,80.1,100,74.9,1.111,175,1,711
3E,5,Uttar Pradesh,168,49.8,1,0,63.5,27,46.6,0.6,260,0,711
3H,4,Karnataka,107,80.2,1,1,45.8,49,52.5,0.817,259,1,710
3C,1,Madhya Pradesh,79,18.1,0,0,57.8,23,78.6,0.256,102,1,710
3A,0,Uttar Pradesh,371,107.1,0,0,67.8,28,19.9,0.467,48,0,709
3G,3,Gujarat,110,20.2,0,0,56.2,35,28.0,0.389,119,0,708
3E,5,Madhya Pradesh,683,133.7,1,0,65.2,173,15.6,3.844,251,0,708
3D,2,Madhya Pradesh,872,483.5,0,0,70.4,97,92.1,0.808,281,0,708
3A,0,Karnataka,36,23.5,0,0,67.3,26,8.0,0.433,34,0,708
3G,3,Andhra Pradesh,79,67.5,2,0,47.4,52,83.9,0.578,304,1,708
3E,5,Rajasthan,187,131.9,0,0,48.6,120,25.1,2.667,246,1,707
3C,1,Gujarat,133,79.5,3,1,50.4,35,127.2,0.389,162,1,707
3D,2,Gujarat,136,67.6,0,0,56.8,22,63.9,0.183,150,0,707
3A,0,Uttar Pradesh,179,74.8,0,1,70.1,29,32.0,0.483,61,0,707
3D,2,Andhra Pradesh,102,77.8,0,0,66.9,117,47.3,0.975,212,0,706
3C,1,Tamil Nadu,574,235.8,1,1,59.7,106,28.5,1.178,135,1,705
3A,0,Karnataka,89,7.6,1,0,59.0,3,47.1,0.05,50,0,705
3C,1,Rajasthan,130,42.8,0,1,55.2,32,28.2,0.356,60,0,703
3A,0,Gujarat,423,328.2,1,0,50.7,2,25.4,0.033,27,0,703
3A,0,Rajasthan,534,352.7,0,0,99.5,26,34.3,0.433,60,0,703
3G,3,Uttar Pradesh,285,99.6,0,0,55.6,38,30.9,0.422,131,0,703
3G,3,Rajasthan,307,275.2,0,0,56.4,67,52.8,0.744,225,0,703
3G,3,Maharashtra,67,39.2,0,0,52.3,245,40.9,2.722,368,1,703
3H,4,Tamil Nadu,504,128.1,2,0,63.6,163,26.0,2.717,267,0,703
3A,0,Andhra Pradesh,148,105.4,3,0,58.1,23,47.3,0.383,70,1,701
3G,3,Maharashtra,102,44.2,3,0,17.7,141,29.5,1.567,230,1,701
3C,1,Rajasthan,180,26.3,1,4,82.0,75,56.1,0.833,131,0,701
3C,1,Maharashtra,111,74.7,5,0,51.2,127,78.8,1.411,206,1,700
3H,4,Rajasthan,57,18.6,0,0,90.2,101,63.9,1.683,357,0,700
3C,1,Madhya Pradesh,201,114.6,0,0,63.6,34,51.6,0.378,86,0,700
3D,2,Rajasthan,44,7.3,0,0,60.6,65,47.7,0.542,160,0,700
3D,2,Madhya Pradesh,598,171.6,0,0,79.5,66,99.1,0.55,264,0,698
3C,1,Rajasthan,1217,391.7,2,0,29.9,44,51.8,0.489,96,1,698
3C,1,Rajasthan,33,37.6,0,0,49.3,32,117.3,0.356,149,1,698
3A,0,Maharashtra,252,138.0,2,0,71.6,24,27.0,0.4,51,0,698
3D,2,Gujarat,356,104.6,2,0,59.3,241,65.6,2.008,372,1,698
3C,1,Maharashtra,124,69.7,2,0,81.6,59,93.3,0.656,152,0,698
3H,4,Maharashtra,119,52.9,0,0,69.3,41,47.3,0.683,230,0,698
3A,0,Tamil Nadu,2208,900.0,3,2,53.2,46,36.6,0.767,83,1,697
3D,2,Madhya Pradesh,209,91.7,0,1,71.8,126,69.0,1.05,264,0,697
3C,1,Rajasthan,524,234.3,2,1,28.0,73,8.5,0.811,82,1,697
3A,0,Gujarat,84,45.6,2,0,53.9,40,22.9,0.667,63,1,697
3A,0,Gujarat,81,53.0,0,0,68.7,13,21.6,0.217,35,0,696
3C,1,Madhya Pradesh,193,69.4,2,0,51.0,77,27.6,0.856,105,1,696
3G,3,Andhra Pradesh,29,17.2,0,0,66.5,129,39.3,1.433,247,0,696
3D,2,Maharashtra,213,191.3,2,0,63.7,192,83.4,1.6,359,1,694
3G,3,Andhra Pradesh,74,13.8,0,2,75.5,157,76.4,1.744,386,0,693
3E,5,Gujarat,163,40.4,1,0,42.6,36,18.1,0.8,127,0,693
3C,1,Andhra Pradesh,79,46.1,0,1,71.8,44,36.8,0.489,81,0,692
3G,3,Rajasthan,10,6.6,0,0,56.0,97,27.0,1.078,178,0,692
3A,0,Uttar Pradesh,199,73.9,1,0,55.3,11,7.5,0.183,18,0,692
3H,4,Gujarat,345,194.5,1,1,48.6,109,41.6,1.817,276,1,691
3E,5,Uttar Pradesh,68,5.5,0,1,64.7,115,46.1,2.556,345,0,691
3A,0,Karnataka,91,12.9,2,0,64.6,16,51.5,0.267,68,0,690
3D,2,Rajasthan,256,40.7,2,0,32.5,62,23.6,0.517,109,1,690
3C,1,Karnataka,56,5.4,0,0,30.9,33,40.0,0.367,73,1,690
3G,3,Tamil Nadu,63,24.5,1,0,24.7,110,16.9,1.222,161,1,690
3C,1,Maharashtra,958,352.8,0,0,26.7,17,51.9,0.189,69,1,690
3D,2,Andhra Pradesh,481,111.0,3,1,68.6,26,142.8,0.217,312,0,689
3D,2,Karnataka,123,34.7,0,0,70.6,89,23.6,0.742,136,0,689
3H,4,Tamil Nadu,213,126.4,2,0,67.2,307,32.7,5.117,438,0,689
3D,2,Rajasthan,105,83.1,2,0,61.4,142,22.5,1.183,187,0,689
3H,4,Karnataka,95,10.9,1,1,78.7,270,34.7,4.5,409,0,688
3D,2,Maharashtra,263,138.0,1,1,66.0,120,68.1,1.0,256,0,688
3E,5,Andhra Pradesh,796,402.2,2,2,60.4,115,82.8,2.556,529,1,687
3H,4,Gujarat,252,114.2,2,0,80.4,257,58.0,4.283,489,0,686
3H,4,Karnataka,79,29.0,0,0,49.6,19,32.3,0.317,148,0,686
3H,4,Maharashtra,85,42.7,1,0,59.6,101,48.3,1.683,294,0,686
3D,2,Rajasthan,45,22.6,0,0,84.0,76,84.6,0.633,245,0,686
3D,2,Andhra Pradesh,51,3.0,0,0,75.2,85,46.1,0.708,177,0,685
3A,0,Gujarat,56,3.0,1,0,43.7,18,4.0,0.3,22,0,685
3H,4,Maharashtra,59,21.1,0,0,92.9,98,62.6,1.633,348,0,684
3D,2,Uttar Pradesh,230,132.3,0,0,67.1,34,54.7,0.283,143,0,683
3C,1,Tamil Nadu,379,120.3,2,1,31.7,32,108.5,0.356,141,1,683
3E,5,Gujarat,56,13.2,0,1,78.2,133,68.1,2.956,474,0,682
3H,4,Karnataka,196,69.4,0,0,80.0,110,49.4,1.833,307,0,681
3D,2,Uttar Pradesh,668,275.1,1,0,55.5,75,28.2,0.625,131,0,680
3G,3,Tamil Nadu,72,15.4,1,0,40.7,169,25.5,1.878,246,0,679
3D,2,Rajasthan,5,3.0,0,0,12.1,81,46.0,0.675,173,1,679
3G,3,Andhra Pradesh,106,51.4,0,2,46.4,59,33.5,0.656,159,0,678
3A,0,Karnataka,185,62.5,1,0,50.7,34,11.7,0.567,46,0,677
3C,1,Andhra Pradesh,125,74.9,1,0,56.8,62,46.8,0.689,109,1,676
3D,2,Andhra Pradesh,265,116.9,5,0,35.8,110,124.9,0.917,360,1,676
3H,4,Uttar Pradesh,76,3.2,0,0,38.8,172,66.2,2.867,437,1,675
3D,2,Rajasthan,251,65.1,0,1,52.6,78,43.6,0.65,165,0,675
3E,5,Tamil Nadu,98,47.6,1,0,52.8,162,46.6,3.6,395,0,675
3G,3,Madhya Pradesh,38,29.5,0,1,33.0,90,12.8,1.0,128,0,675
3D,2,Maharashtra,256,101.5,3,0,44.0,82,71.3,0.683,225,1,674
3D,2,Andhra Pradesh,176,10.8,1,0,57.1,56,72.2,0.467,200,1,674
3E,5,Maharashtra,64,27.0,0,0,45.1,165,27.4,3.667,302,0,674
3D,2,Madhya Pradesh,69,70.9,2,1,82.5,38,114.9,0.317,268,0,674
3D,2,Tamil Nadu,363,9.4,1,2,77.6,55,88.3,0.458,232,0,673
3G,3,Gujarat,116,15.2,0,0,75.4,108,51.3,1.2,262,0,673
3D,2,Andhra Pradesh,193,78.5,0,0,71.9,113,59.3,0.942,232,0,673
3G,3,Madhya Pradesh,14,15.0,0,0,65.6,97,32.2,1.078,194,0,672
3E,5,Andhra Pradesh,425,279.9,2,0,76.1,176,64.2,3.911,497,0,672
3C,1,Madhya Pradesh,39,7.4,0,0,83.3,38,54.2,0.422,92,0,672
3E,5,Rajasthan,105,86.0,1,1,67.1,182,48.9,4.044,426,0,671
3H,4,Tamil Nadu,96,74.2,3,0,40.0,146,55.1,2.433,366,0,671
3A,0,Uttar Pradesh,210,137.6,2,2,61.7,25,34.9,0.417,60,1,670
3A,0,Madhya Pradesh,53,15.4,2,1,46.0,21,32.2,0.35,53,1,670
3E,5,Karnataka,407,101.9,0,1,78.4,209,28.9,4.644,354,0,666
3C,1,Uttar Pradesh,499,345.4,5,0,45.4,96,74.7,1.067,171,1,666
3E,5,Maharashtra,64,21.3,0,0,65.6,109,42.5,2.422,321,0,665
3G,3,Andhra Pradesh,359,182.6,0,2,49.2,29,40.6,0.322,151,0,664
3C,1,Andhra Pradesh,51,26.1,1,0,44.6,33,35.1,0.367,68,0,663
3E,5,Andhra Pradesh,158,65.8,2,0,37.9,48,34.2,1.067,219,1,663
3C,1,Andhra Pradesh,94,55.6,1,1,53.9,86,80.7,0.956,167,1,663
3A,0,Uttar Pradesh,142,47.6,1,0,53.8,23,16.6,0.383,40,1,662
3C,1,Uttar Pradesh,626,192.3,1,0,83.2,68,65.3,0.756,133,0,662
3A,0,Tamil Nadu,221,150.3,2,2,91.7,17,48.9,0.283,66,0,662
3D,2,Rajasthan,70,23.3,1,1,75.3,112,124.3,0.933,361,1,662
3A,0,Andhra Pradesh,141,41.9,0,1,72.4,40,3.7,0.667,44,0,661
3D,2,Andhra Pradesh,87,61.9,0,0,45.7,103,27.3,0.858,158,0,661
3H,4,Uttar Pradesh,31,21.8,3,0,21.6,185,42.6,3.083,355,1,661
3D,2,Gujarat,80,36.8,0,1,75.6,67,81.0,0.558,229,0,661
3D,2,Karnataka,352,196.5,0,0,76.1,87,42.0,0.725,171,0,661
3E,5,Gujarat,540,132.4,2,4,81.3,165,62.8,3.667,479,0,660
3H,4,Karnataka,153,94.9,1,0,57.6,91,63.9,1.517,347,0,660
3G,3,Uttar Pradesh,146,53.3,0,2,60.1,141,46.6,1.567,281,0,660
3C,1,Maharashtra,823,446.8,2,0,55.2,49,55.2,0.544,104,1,659
3C,1,Uttar Pradesh,372,124.7,1,0,62.6,37,111.0,0.411,148,1,659
3H,4,Tamil Nadu,491,123.0,0,0,47.0,100,16.7,1.667,167,0,658
3A,0,Andhra Pradesh,1072,509.8,0,0,52.7,15,18.9,0.25,34,0,658
3A,0,Gujarat,123,65.5,1,1,54.9,22,14.2,0.367,36,0,658
3C,1,Gujarat,349,64.3,0,0,60.4,6,55.5,0.067,61,0,657
3E,5,Tamil Nadu,139,57.5,4,0,45.6,38,99.3,0.844,534,1,657
3A,0,Madhya Pradesh,141,29.3,1,0,53.8,7,14.2,0.117,21,0,657
3A,0,Maharashtra,565,296.3,0,2,78.9,15,46.3,0.25,61,0,654
3D,2,Rajasthan,927,634.6,1,0,60.1,64,23.9,0.533,112,0,654
3D,2,Uttar Pradesh,106,53.7,0,0,54.9,41,99.6,0.342,240,0,654
3G,3,Maharashtra,335,131.5,1,0,36.1,76,29.6,0.844,165,1,654
3C,1,Tamil Nadu,90,44.0,0,0,82.3,26,78.0,0.289,104,0,653
3G,3,Uttar Pradesh,74,44.7,1,1,55.4,168,26.6,1.867,248,0,651
3A,0,Gujarat,117,55.4,1,0,64.7,46,17.2,0.767,63,0,651
3D,2,Madhya Pradesh,95,8.6,0,3,49.9,99,36.2,0.825,171,1,651
3H,4,Madhya Pradesh,50,14.9,1,0,70.1,149,60.2,2.483,390,0,650
3H,4,Uttar Pradesh,89,31.8,0,0,51.5,228,10.2,3.8,269,0,650
3G,3,Rajasthan,97,3.0,0,1,52.7,145,65.1,1.611,340,0,649
3H,4,Madhya Pradesh,317,116.5,0,1,86.3,88,63.9,1.467,343,0,648
3G,3,Madhya Pradesh,13,8.4,5,0,39.9,165,98.3,1.833,460,1,647
3D,2,Tamil Nadu,75,23.8,0,1,45.7,11,34.5,0.092,80,0,647
3H,4,Uttar Pradesh,138,58.7,2,0,38.2,32,58.0,0.533,264,1,647
3C,1,Madhya Pradesh,40,35.9,3,0,34.7,26,97.4,0.289,123,1,646
3G,3,Uttar Pradesh,558,310.5,1,0,71.3,78,71.2,0.867,292,0,645
3D,2,Maharashtra,47,35.6,1,0,66.5,45,68.2,0.375,181,0,645
3H,4,Madhya Pradesh,55,17.7,0,0,55.6,50,21.1,0.833,134,0,645
3A,0,Andhra Pradesh,65,24.0,0,3,68.3,44,31.1,0.733,75,0,644
3H,4,Madhya Pradesh,111,52.7,0,0,74.7,163,34.6,2.717,302,0,643
3A,0,Rajasthan,59,12.7,0,0,72.0,6,22.8,0.1,29,0,643
3D,2,Andhra Pradesh,183,65.8,0,0,26.5,82,15.4,0.683,113,1,642
3A,0,Maharashtra,164,58.6,0,3,59.1,16,24.8,0.267,41,0,642
3G,3,Karnataka,155,38.8,0,0,44.2,65,64.5,0.722,258,1,642
3E,5,Uttar Pradesh,162,58.8,2,2,27.4,53,34.8,1.178,227,1,641
3A,0,Madhya Pradesh,51,14.1,0,0,99.7,12,41.6,0.2,54,0,641
3C,1,Maharashtra,37,3.0,1,0,40.9,23,85.6,0.256,109,1,640
3A,0,Uttar Pradesh,781,515.3,1,0,56.6,9,10.5,0.15,19,0,640
3H,4,Madhya Pradesh,76,71.8,1,1,53.1,250,32.3,4.167,379,1,640
3H,4,Gujarat,555,176.7,0,0,72.3,67,53.7,1.117,282,0,639
3H,4,Karnataka,293,143.4,0,0,57.7,27,47.6,0.45,217,0,639
3G,3,Tamil Nadu,51,29.5,0,1,68.8,77,64.0,0.856,269,0,639
3C,1,Karnataka,75,49.3,1,3,55.5,11,48.1,0.122,59,0,639
3G,3,Maharashtra,130,101.1,0,0,63.4,76,80.2,0.844,317,0,638
3D,2,Madhya Pradesh,271,92.2,1,0,76.9,206,27.1,1.717,260,0,638
3E,5,Andhra Pradesh,562,393.1,0,1,62.9,101,23.0,2.244,216,0,638
3D,2,Karnataka,152,73.5,1,0,75.5,78,92.2,0.65,262,0,638
3D,2,Andhra Pradesh,110,72.7,2,1,70.9,48,147.6,0.4,343,1,637
3E,5,Rajasthan,182,58.7,1,0,86.6,250,32.2,5.556,411,0,637
3C,1,Tamil Nadu,137,75.8,1,1,86.9,107,79.4,1.189,186,1,637
3D,2,Rajasthan,50,15.3,1,1,50.9,168,81.3,1.4,331,1,636
3E,5,Rajasthan,285,63.7,0,0,63.3,71,45.2,1.578,297,0,636
3G,3,Andhra Pradesh,1451,347.1,1,0,59.9,115,68.8,1.278,322,1,635
3A,0,Andhra Pradesh,142,92.4,3,0,36.0,18,27.4,0.3,45,1,634
3A,0,Tamil Nadu,159,54.1,0,0,57.1,14,13.6,0.233,28,0,634
3H,4,Tamil Nadu,150,4.5,1,1,53.5,230,40.6,3.833,392,1,633
3G,3,Gujarat,58,24.0,0,1,92.5,51,108.6,0.567,377,0,633
3D,2,Maharashtra,72,28.5,1,0,66.4,98,51.9,0.817,202,0,632
3H,4,Maharashtra,31,8.7,0,0,49.4,25,26.2,0.417,130,0,632
3A,0,Rajasthan,125,65.4,0,0,58.4,17,27.4,0.283,44,0,632
3C,1,Karnataka,74,54.1,0,0,48.6,12,43.4,0.133,55,0,631
3G,3,Gujarat,429,45.3,0,1,33.7,60,50.6,0.667,212,1,630
3A,0,Gujarat,564,420.0,2,2,23.4,14,16.8,0.233,31,1,630
3C,1,Uttar Pradesh,77,13.2,0,2,52.8,36,66.1,0.4,102,0,630
3H,4,Uttar Pradesh,393,142.9,1,1,64.8,288,15.6,4.8,350,0,629
3A,0,Karnataka,65,21.2,0,0,58.4,19,21.3,0.317,40,0,629
3G,3,Gujarat,121,74.2,1,1,60.1,107,112.1,1.189,443,1,629
3A,0,Gujarat,101,53.9,0,0,68.4,12,19.1,0.2,31,0,628
3H,4,Andhra Pradesh,24,9.5,0,1,69.5,241,16.3,4.017,306,0,627
3D,2,Uttar Pradesh,100,101.4,3,0,54.9,50,124.3,0.417,299,1,626
3H,4,Rajasthan,466,120.1,0,0,57.1,245,16.8,4.083,312,0,625
3C,1,Tamil Nadu,41,30.9,1,0,55.9,19,43.7,0.211,63,0,625
3C,1,Maharashtra,477,154.3,0,1,83.7,53,69.1,0.589,122,0,624
3D,2,Tamil Nadu,349,124.5,0,0,45.8,60,30.8,0.5,122,0,624
3C,1,Karnataka,220,175.1,3,0,48.5,71,135.1,0.789,206,1,624
3E,5,Andhra Pradesh,117,69.6,2,0,66.8,336,52.7,7.467,599,0,622
3E,5,Andhra Pradesh,607,309.4,3,0,33.4,103,35.5,2.289,281,0,622
3E,5,Gujarat,143,39.9,0,0,70.2,85,37.0,1.889,270,0,621
3D,2,Rajasthan,125,3.0,1,0,72.7,71,80.6,0.592,232,0,621
3C,1,Rajasthan,517,212.5,1,0,34.8,35,38.2,0.389,73,1,620
3C,1,Uttar Pradesh,109,20.7,0,0,43.7,47,46.5,0.522,94,0,620
3E,5,Karnataka,113,19.6,1,0,48.9,32,26.5,0.711,164,0,619
3A,0,Tamil Nadu,175,109.2,1,0,58.4,28,17.5,0.467,46,0,619
3D,2,Uttar Pradesh,45,26.1,1,2,83.6,85,96.3,0.708,278,0,619
3D,2,Andhra Pradesh,72,15.9,3,2,70.5,178,65.6,1.483,309,1,619
3G,3,Madhya Pradesh,489,191.9,0,1,75.8,168,39.3,1.867,286,0,618
3A,0,Karnataka,369,219.4,0,1,77.5,19,30.9,0.317,50,0,618
3D,2,Uttar Pradesh,66,60.9,2,1,59.5,133,95.4,1.108,324,0,617
3C,1,Karnataka,57,3.0,0,1,48.6,6,54.0,0.067,60,0,617
3A,0,Rajasthan,78,52.3,0,0,46.3,12,7.1,0.2,19,0,617
3C,1,Gujarat,65,48.7,1,0,31.6,46,42.8,0.511,89,1,617
3A,0,Karnataka,176,27.5,1,0,46.3,16,37.3,0.267,53,1,616
3D,2,Maharashtra,101,19.5,2,0,72.5,25,67.7,0.208,160,0,616
3A,0,Rajasthan,74,48.3,3,2,33.8,52,11.8,0.867,64,1,616
3G,3,Maharashtra,336,126.9,0,1,46.2,211,25.7,2.344,288,1,616
3G,3,Uttar Pradesh,183,125.5,0,0,60.7,72,20.3,0.8,133,0,616
3A,0,Maharashtra,37,11.6,0,0,77.4,20,16.8,0.333,37,0,616
3H,4,Tamil Nadu,289,146.4,3,0,60.7,182,51.9,3.033,389,1,616
3C,1,Maharashtra,31,13.8,1,0,67.5,98,29.4,1.089,127,0,615
3C,1,Uttar Pradesh,136,63.0,5,0,24.0,14,72.6,0.156,87,1,614
3D,2,Karnataka,475,388.3,0,0,73.7,142,44.3,1.183,231,0,613
3C,1,Karnataka,140,13.4,5,1,38.6,76,86.8,0.844,163,1,613
3A,0,Karnataka,93,37.7,2,1,81.2,22,34.0,0.367,56,0,612
3C,1,Tamil Nadu,285,160.1,0,1,41.8,64,24.5,0.711,89,0,612
3H,4,Rajasthan,122,65.2,1,0,55.3,161,93.2,2.683,534,1,610
3A,0,Uttar Pradesh,96,38.8,0,1,42.4,9,16.6,0.15,26,0,609
3A,0,Gujarat,77,59.6,1,0,75.5,24,28.4,0.4,52,0,608
3C,1,Andhra Pradesh,133,54.3,0,0,53.3,43,19.1,0.478,62,0,608
3D,2,Rajasthan,158,102.7,0,0,48.3,61,9.1,0.508,79,0,608
3A,0,Rajasthan,166,96.3,1,1,89.7,49,18.2,0.817,67,0,607
3C,1,Maharashtra,369,39.2,0,0,59.2,24,25.2,0.267,49,0,606
3C,1,Rajasthan,228,103.4,0,0,49.2,12,26.0,0.133,38,0,605
3H,4,Gujarat,423,138.5,1,0,35.0,74,29.4,1.233,192,1,605
3G,3,Karnataka,142,84.0,0,0,51.6,17,28.6,0.189,103,0,605
3H,4,Andhra Pradesh,110,41.6,0,0,87.5,227,27.8,3.783,338,0,604
3E,5,Gujarat,129,37.4,0,0,64.7,18,52.7,0.4,282,0,604
3C,1,Rajasthan,202,126.2,1,1,66.1,23,62.0,0.256,85,0,604
3E,5,Andhra Pradesh,126,43.1,2,1,50.9,160,82.1,3.556,571,1,603
3A,0,Karnataka,36,7.8,1,1,70.8,7,33.7,0.117,41,0,603
3D,2,Karnataka,227,126.8,6,0,37.0,163,104.1,1.358,371,1,602
3A,0,Andhra Pradesh,160,83.1,0,0,45.9,6,13.2,0.1,19,0,602
3C,1,Madhya Pradesh,332,95.9,2,0,67.4,48,20.7,0.533,69,0,602
3H,4,Tamil Nadu,30,21.2,0,0,41.4,69,33.6,1.15,203,0,601
3H,4,Madhya Pradesh,91,32.0,0,0,82.3,101,60.5,1.683,343,0,601
3H,4,Karnataka,72,17.6,0,1,71.8,148,31.1,2.467,272,0,600
3A,0,Karnataka,192,171.1,0,0,49.5,22,16.8,0.367,39,1,599
3A,0,Madhya Pradesh,136,36.0,2,0,73.1,10,49.9,0.167,60,0,599
3C,1,Madhya Pradesh,250,157.0,0,0,38.6,18,34.2,0.2,52,0,599
3C,1,Gujarat,60,27.1,3,1,34.9,62,113.3,0.689,175,1,599
3A,0,Madhya Pradesh,43,18.5,1,0,52.8,21,8.6,0.35,30,0,598
3C,1,Maharashtra,34,29.8,0,0,39.6,30,33.6,0.333,64,0,598
3A,0,Gujarat,53,12.4,1,0,74.8,28,38.5,0.467,67,0,598
3A,0,Rajasthan,22,3.0,2,1,54.5,38,44.1,0.633,82,1,598
3A,0,Rajasthan,89,3.0,4,0,39.8,28,24.5,0.467,52,1,597
3D,2,Tamil Nadu,125,57.2,0,0,61.3,55,37.6,0.458,130,0,597
3A,0,Rajasthan,108,29.3,0,0,42.6,1,16.8,0.017,18,0,597
3D,2,Karnataka,202,232.8,0,0,63.0,59,41.3,0.492,142,0,597
3G,3,Madhya Pradesh,721,157.7,1,1,74.0,130,65.7,1.444,327,0,595
3A,0,Madhya Pradesh,92,37.3,1,0,71.6,33,36.2,0.55,69,1,595
3D,2,Maharashtra,526,219.9,0,1,63.2,51,58.3,0.425,168,0,593
3E,5,Maharashtra,369,166.7,2,1,69.5,341,52.8,7.578,605,1,593
3A,0,Tamil Nadu,225,66.6,1,0,68.1,2,24.0,0.033,26,0,593
3C,1,Uttar Pradesh,199,96.4,0,1,40.0,34,63.2,0.378,97,1,593
3D,2,Uttar Pradesh,143,66.5,1,0,35.5,151,35.9,1.258,223,1,592
3C,1,Rajasthan,128,49.5,1,1,73.7,103,70.0,1.144,173,0,592
3C,1,Uttar Pradesh,256,105.0,1,1,53.7,49,38.9,0.544,88,1,592
3D,2,Karnataka,93,21.4,1,1,41.2,109,58.8,0.908,227,1,591
3C,1,Andhra Pradesh,278,31.8,3,0,56.3,113,60.5,1.256,174,1,591
3C,1,Madhya Pradesh,158,70.0,0,3,87.6,47,79.3,0.522,126,0,589
3D,2,Uttar Pradesh,149,76.9,0,1,55.1,20,47.1,0.167,114,0,589
3C,1,Madhya Pradesh,249,126.3,1,0,55.6,71,49.7,0.789,121,0,589
3G,3,Rajasthan,535,267.6,2,1,77.9,103,110.7,1.144,435,0,589
3G,3,Tamil Nadu,303,116.6,0,0,59.8,85,24.1,0.944,157,0,589
3E,5,Madhya Pradesh,148,21.0,0,0,42.1,66,27.5,1.467,203,1,587
3H,4,Maharashtra,326,68.3,0,2,87.4,146,62.2,2.433,395,0,587
3H,4,Karnataka,178,59.9,4,2,40.8,95,111.2,1.583,540,1,586
3C,1,Karnataka,357,181.1,2,0,52.1,52,131.7,0.578,184,1,586
3D,2,Maharashtra,93,31.6,0,0,47.7,79,14.6,0.658,108,0,586
3A,0,Uttar Pradesh,132,34.5,1,0,80.8,23,34.8,0.383,58,0,586
3A,0,Madhya Pradesh,307,182.2,1,0,27.1,9,34.1,0.15,43,1,586
3D,2,Tamil Nadu,42,10.0,0,1,73.6,65,61.8,0.542,189,0,584
3H,4,Maharashtra,199,148.2,0,0,56.4,116,29.6,1.933,234,0,584
3E,5,Maharashtra,174,29.3,0,0,64.6,83,30.9,1.844,238,0,584
3D,2,Karnataka,77,51.9,1,0,66.5,105,49.4,0.875,204,0,583
3E,5,Maharashtra,73,45.9,1,0,50.5,201,43.6,4.467,419,1,583
3G,3,Madhya Pradesh,100,27.8,2,0,53.6,134,45.3,1.489,270,1,583
3G,3,Tamil Nadu,285,184.1,0,0,55.7,165,31.1,1.833,258,1,583
3H,4,Tamil Nadu,84,73.0,0,0,73.3,55,36.6,0.917,201,0,583
3A,0,Uttar Pradesh,152,81.5,1,0,45.5,20,13.0,0.333,33,0,583
3A,0,Uttar Pradesh,475,250.5,1,0,50.4,14,12.4,0.233,26,0,581
3G,3,Rajasthan,100,24.9,1,2,87.0,227,35.1,2.522,332,0,581
3D,2,Karnataka,190,29.7,1,0,44.7,80,37.4,0.667,155,0,581
3D,2,Andhra Pradesh,82,39.8,2,0,40.5,68,26.2,0.567,120,0,580
3D,2,Gujarat,94,20.0,1,0,84.1,185,59.0,1.542,303,0,580
3C,1,Gujarat,187,73.7,6,3,36.3,78,113.6,0.867,192,1,579
3A,0,Uttar Pradesh,671,269.5,0,0,88.0,5,41.6,0.083,47,0,579
3C,1,Tamil Nadu,240,109.1,1,2,80.1,125,44.2,1.389,169,0,578
3A,0,Madhya Pradesh,64,23.6,0,0,80.4,18,28.9,0.3,47,0,577
3G,3,Gujarat,97,60.1,0,0,87.0,144,71.3,1.6,358,1,577
3A,0,Maharashtra,191,33.3,0,0,67.9,6,29.2,0.1,35,0,576
3E,5,Rajasthan,70,55.1,0,0,43.7,66,15.0,1.467,141,0,576
3H,4,Andhra Pradesh,51,12.9,0,0,84.4,107,69.7,1.783,386,0,575
3H,4,Karnataka,295,62.3,0,0,84.8,96,60.2,1.6,337,0,575
3A,0,Karnataka,100,44.4,1,0,64.7,8,30.1,0.133,38,0,575
3G,3,Gujarat,34,6.6,0,0,50.2,73,22.3,0.811,140,0,575
3E,5,Madhya Pradesh,30,24.8,0,0,42.2,148,18.5,3.289,240,0,574
3A,0,Rajasthan,222,84.0,3,0,79.6,19,41.8,0.317,61,0,574
3H,4,Gujarat,93,40.2,0,1,53.6,151,29.7,2.517,270,0,573
3D,2,Maharashtra,83,51.5,0,0,66.7,44,35.1,0.367,114,0,573
3G,3,Gujarat,188,123.8,4,2,63.4,83,75.5,0.922,310,1,573
3C,1,Andhra Pradesh,212,41.2,1,2,33.5,32,30.2,0.356,62,1,572
3D,2,Karnataka,136,38.6,3,0,57.7,33,161.3,0.275,356,1,571
3D,2,Madhya Pradesh,106,40.8,1,1,41.5,77,61.5,0.642,200,0,570
3H,4,Karnataka,350,51.8,3,0,61.5,114,103.8,1.9,529,1,570
3G,3,Andhra Pradesh,76,20.5,0,1,86.4,237,31.7,2.633,332,0,570
3D,2,Gujarat,96,38.9,2,1,48.3,127,107.6,1.058,342,1,569
3G,3,Uttar Pradesh,83,52.3,1,0,53.7,20,46.7,0.222,160,0,569
3G,3,Madhya Pradesh,67,11.8,1,0,64.8,166,30.1,1.844,256,0,569
3A,0,Uttar Pradesh,456,190.7,3,3,65.8,33,33.8,0.55,67,1,568
3D,2,Gujarat,680,527.3,1,1,78.0,95,108.0,0.792,311,0,568
3G,3,Gujarat,248,111.9,0,0,65.9,46,24.2,0.511,119,0,567
3C,1,Madhya Pradesh,206,46.5,0,0,48.1,50,17.6,0.556,68,0,566
3C,1,Maharashtra,50,3.7,1,1,28.7,12,69.4,0.133,81,0,565
3G,3,Andhra Pradesh,55,27.1,1,0,58.4,47,74.0,0.522,269,0,564
3H,4,Gujarat,84,42.5,0,0,66.7,183,69.2,3.05,460,1,564
3G,3,Gujarat,427,172.9,3,2,50.7,109,61.3,1.211,293,1,564
3G,3,Karnataka,104,73.4,2,0,86.9,32,107.1,0.356,353,0,563
3H,4,Madhya Pradesh,109,17.6,1,2,67.5,99,99.2,1.65,496,0,562
3A,0,Tamil Nadu,249,94.4,3,2,36.1,12,59.1,0.2,71,1,562
3D,2,Madhya Pradesh,45,29.8,3,0,62.7,310,24.6,2.583,359,1,561
3A,0,Madhya Pradesh,103,58.5,2,1,75.3,28,47.6,0.467,76,0,561
3G,3,Maharashtra,37,16.8,1,1,80.2,163,100.8,1.811,466,0,561
3A,0,Gujarat,31,3.4,0,1,74.8,15,25.2,0.25,40,0,561
3E,5,Karnataka,106,62.5,0,0,55.8,32,25.4,0.711,159,0,561
3C,1,Rajasthan,101,34.2,0,1,85.9,56,98.1,0.622,154,0,560
3D,2,Madhya Pradesh,158,92.6,3,1,66.2,120,107.6,1.0,335,1,558
3A,0,Karnataka,152,43.7,2,1,37.7,7,47.9,0.117,55,1,558
3H,4,Madhya Pradesh,326,128.1,0,0,74.4,203,51.1,3.383,407,0,558
3C,1,Andhra Pradesh,57,46.6,0,2,64.2,45,43.4,0.5,88,0,558
3A,0,Gujarat,615,257.6,0,1,82.7,15,40.3,0.25,55,0,557
3C,1,Tamil Nadu,256,115.7,1,0,71.9,89,66.1,0.989,155,0,557
3D,2,Madhya Pradesh,60,29.8,0,0,30.0,19,43.0,0.158,105,0,557
3H,4,Gujarat,92,52.9,4,2,28.2,322,61.1,5.367,567,1,557
3C,1,Karnataka,51,45.0,2,1,44.8,89,67.5,0.989,156,1,557
3G,3,Rajasthan,104,17.5,0,0,65.8,206,60.3,2.289,387,0,555
3C,1,Andhra Pradesh,114,57.7,0,1,36.1,43,49.3,0.478,92,1,555
3G,3,Gujarat,259,126.1,1,3,73.9,113,68.6,1.256,319,0,554
3A,0,Andhra Pradesh,60,35.7,1,1,79.3,11,28.5,0.183,39,0,553
3A,0,Karnataka,431,220.4,1,0,54.6,28,30.2,0.467,58,0,553
3D,2,Maharashtra,33,23.2,0,1,79.6,58,58.8,0.483,176,0,553
3H,4,Karnataka,177,153.0,1,0,50.6,171,37.2,2.85,320,1,552
3A,0,Tamil Nadu,33,15.1,2,0,57.7,32,30.0,0.533,62,0,552
3C,1,Maharashtra,123,71.0,3,0,59.7,91,49.4,1.011,140,0,551
3E,5,Karnataka,81,53.7,0,1,75.7,93,50.2,2.067,344,0,550
3A,0,Maharashtra,91,25.3,1,2,68.6,30,25.4,0.5,55,1,550
3E,5,Uttar Pradesh,295,151.5,4,3,51.0,217,80.4,4.822,619,1,549
3C,1,Maharashtra,120,35.9,1,1,76.8,46,75.3,0.511,121,0,548
3H,4,Karnataka,939,634.0,1,0,43.4,31,37.4,0.517,181,1,548
3A,0,Andhra Pradesh,123,10.5,1,0,82.4,27,37.0,0.45,64,0,548
3H,4,Andhra Pradesh,144,59.3,2,0,51.5,152,83.6,2.533,487,1,548
3C,1,Gujarat,157,49.4,0,1,69.7,66,60.3,0.733,126,0,548
3C,1,Uttar Pradesh,528,368.1,2,0,42.6,15,42.1,0.167,57,0,547
3D,2,Madhya Pradesh,43,3.0,0,0,61.7,48,49.4,0.4,147,0,547
3H,4,Karnataka,196,94.3,0,2,72.6,122,59.3,2.033,359,0,547
3C,1,Maharashtra,316,187.9,0,0,85.5,79,70.9,0.878,150,0,547
3D,2,Tamil Nadu,39,10.1,0,2,86.8,94,57.4,0.783,209,0,547
3C,1,Maharashtra,323,45.7,0,0,78.5,53,57.2,0.589,110,0,546
3H,4,Tamil Nadu,89,46.3,1,0,55.8,81,52.8,1.35,292,0,546
3G,3,Andhra Pradesh,100,58.6,1,2,66.0,135,78.4,1.5,370,0,546
3D,2,Rajasthan,99,3.0,1,0,81.5,173,60.5,1.442,294,0,545
3D,2,Andhra Pradesh,40,3.0,2,2,44.9,108,90.5,0.9,289,1,544
3G,3,Tamil Nadu,260,113.5,1,0,47.3,186,12.4,2.067,223,0,544
3D,2,Gujarat,29,28.3,0,0,46.5,59,25.5,0.492,110,0,543
3H,4,Tamil Nadu,472,337.4,1,1,82.2,188,61.5,3.133,434,0,543
3C,1,Uttar Pradesh,121,68.7,1,0,65.1,18,103.6,0.2,122,0,543
3G,3,Rajasthan,55,3.0,2,2,68.8,153,65.9,1.7,351,1,543
3A,0,Gujarat,543,168.1,2,2,72.7,51,29.6,0.85,81,1,541
3G,3,Karnataka,165,161.1,0,0,65.4,159,17.7,1.767,212,0,540
3D,2,Tamil Nadu,46,3.0,1,0,79.4,69,130.6,0.575,330,0,540
3E,5,Rajasthan,306,142.7,1,0,37.7,17,41.9,0.378,226,1,539
3G,3,Uttar Pradesh,59,38.0,0,1,51.1,94,66.3,1.044,293,0,539
3H,4,Uttar Pradesh,151,14.2,1,0,54.4,144,25.8,2.4,247,0,539
3A,0,Andhra Pradesh,81,50.0,0,0,51.3,4,20.2,0.067,24,0,539
3A,0,Andhra Pradesh,542,297.8,0,0,64.2,11,15.7,0.183,27,0,539
3C,1,Rajasthan,217,84.9,3,0,46.9,37,82.0,0.411,119,1,538
3C,1,Uttar Pradesh,384,185.0,0,0,97.0,64,82.7,0.711,147,0,538
3G,3,Madhya Pradesh,396,205.6,1,0,46.9,75,34.0,0.833,177,0,537
3G,3,Madhya Pradesh,151,21.1,0,0,76.9,224,13.3,2.489,264,0,537
3H,4,Uttar Pradesh,91,44.7,0,0,94.5,87,81.6,1.45,414,0,537
3E,5,Tamil Nadu,110,46.2,1,0,41.9,79,30.8,1.756,233,1,537
3C,1,Andhra Pradesh,82,33.3,1,0,97.3,100,40.5,1.111,140,0,536
3C,1,Maharashtra,68,34.6,1,0,61.0,122,78.0,1.356,200,1,536
3A,0,Madhya Pradesh,131,22.8,3,1,45.4,19,34.6,0.317,54,1,535
3G,3,Tamil Nadu,90,43.6,1,0,44.4,78,43.8,0.867,209,1,534
3H,4,Tamil Nadu,187,22.7,0,0,94.3,250,30.8,4.167,373,0,534
3G,3,Karnataka,261,75.4,1,0,59.3,46,58.3,0.511,221,0,533
3G,3,Rajasthan,574,210.2,0,0,81.3,190,38.6,2.111,306,0,533
3A,0,Gujarat,52,7.9,1,0,63.8,13,34.4,0.217,47,1,532
3D,2,Gujarat,57,23.1,1,0,71.2,62,102.6,0.517,267,0,532
3D,2,Madhya Pradesh,180,37.9,1,0,46.6,41,51.8,0.342,145,0,532
3E,5,Gujarat,56,38.3,0,0,45.7,45,62.3,1.0,357,0,532
3C,1,Gujarat,1057,502.2,2,1,37.3,55,47.3,0.611,102,1,532
3G,3,Gujarat,131,89.8,2,0,54.4,27,94.0,0.3,309,0,532
3A,0,Rajasthan,138,78.6,0,0,56.2,15,9.9,0.25,25,0,532
3D,2,Rajasthan,362,169.9,0,0,42.8,43,47.7,0.358,138,1,532
3D,2,Rajasthan,669,139.0,0,3,68.4,143,36.9,1.192,217,0,530
3C,1,Tamil Nadu,46,3.0,2,0,59.6,39,161.9,0.433,201,1,530
3D,2,Madhya Pradesh,37,3.0,1,2,69.1,52,129.4,0.433,311,1,530
3D,2,Maharashtra,290,132.0,1,0,75.8,135,68.3,1.125,272,0,530
3A,0,Maharashtra,138,79.4,1,0,66.9,25,55.1,0.417,80,1,529
3G,3,Andhra Pradesh,247,86.1,1,0,57.1,85,48.8,0.944,231,0,529
3C,1,Karnataka,110,3.0,1,1,37.9,42,33.8,0.467,76,0,529
3H,4,Andhra Pradesh,1114,732.8,1,1,50.7,73,29.6,1.217,191,0,528
3H,4,Maharashtra,461,125.7,0,0,46.1,44,32.2,0.733,173,0,528
3D,2,Andhra Pradesh,178,144.0,0,0,68.1,132,25.6,1.1,183,0,526
3D,2,Maharashtra,280,71.8,1,0,63.2,211,77.0,1.758,365,1,525
3E,5,Tamil Nadu,43,10.8,1,0,75.1,115,67.7,2.556,454,0,525
3D,2,Gujarat,33,25.0,1,0,46.7,102,31.5,0.85,165,1,525
3H,4,Rajasthan,208,45.2,2,0,52.7,78,56.8,1.3,305,1,524
3D,2,Tamil Nadu,18,19.2,0,2,44.1,61,70.4,0.508,202,1,524
3D,2,Andhra Pradesh,68,3.0,3,0,52.1,60,149.1,0.5,358,1,523
3C,1,Gujarat,104,38.9,1,0,39.7,27,100.2,0.3,127,1,523
3D,2,Karnataka,43,40.9,0,0,70.0,70,56.0,0.583,182,0,523
3D,2,Tamil Nadu,316,234.1,0,0,70.7,42,74.1,0.35,190,0,522
3E,5,Karnataka,312,116.2,3,1,43.7,406,21.1,9.022,512,1,522
3E,5,Tamil Nadu,305,163.5,1,0,63.6,161,36.0,3.578,341,0,521
3D,2,Gujarat,56,31.1,0,0,58.2,55,45.8,0.458,147,0,521
3C,1,Karnataka,28,37.9,0,0,72.5,24,49.5,0.267,74,0,520
3D,2,Tamil Nadu,39,21.4,1,0,56.2,61,42.4,0.508,146,0,520
3D,2,Tamil Nadu,94,50.9,1,0,63.3,108,43.4,0.9,195,0,520
3G,3,Karnataka,62,22.9,1,0,76.9,146,82.4,1.622,393,0,519
3A,0,Tamil Nadu,91,33.1,4,0,51.8,22,51.9,0.367,74,1,518
3D,2,Gujarat,91,39.3,2,0,57.9,56,31.5,0.467,119,1,518
3H,4,Maharashtra,238,91.1,0,0,43.0,83,41.2,1.383,248,0,518
3A,0,Gujarat,276,55.4,0,0,55.3,17,12.2,0.283,29,0,517
3C,1,Madhya Pradesh,144,109.5,0,0,41.6,13,52.2,0.144,65,0,517
3A,0,Rajasthan,70,28.6,1,0,73.3,24,28.8,0.4,53,0,517
3D,2,Uttar Pradesh,1074,219.1,2,3,63.1,204,77.3,1.7,359,1,516
3A,0,Gujarat,129,53.4,0,0,62.7,3,36.6,0.05,40,0,515
3E,5,Andhra Pradesh,407,212.6,0,1,52.7,174,24.5,3.867,297,1,515
3A,0,Rajasthan,628,222.2,2,0,68.3,35,36.2,0.583,71,1,514
3A,0,Maharashtra,154,118.2,0,0,40.6,12,16.8,0.2,29,1,514
3G,3,Rajasthan,43,3.0,1,0,68.6,94,63.9,1.044,286,0,513
3C,1,Madhya Pradesh,264,162.5,2,0,44.9,83,31.1,0.922,114,1,513
3G,3,Uttar Pradesh,437,80.9,2,0,86.0,115,90.1,1.278,385,0,512
3C,1,Madhya Pradesh,264,112.9,1,0,59.2,62,30.6,0.689,93,0,512
3H,4,Karnataka,218,87.2,1,0,50.3,137,84.6,2.283,475,1,512
3G,3,Madhya Pradesh,57,3.0,1,0,69.9,179,47.5,1.989,321,0,511
3C,1,Andhra Pradesh,58,31.1,0,1,71.3,47,40.5,0.522,87,0,511
3D,2,Uttar Pradesh,128,53.6,0,0,61.9,71,42.8,0.592,157,0,511
3D,2,Tamil Nadu,432,10.1,2,0,60.0,88,104.5,0.733,297,0,511
3E,5,Uttar Pradesh,101,59.0,2,0,30.9,102,31.4,2.267,259,1,510
3C,1,Maharashtra,331,73.9,1,2,39.5,9,63.0,0.1,72,1,510
3H,4,Uttar Pradesh,261,107.8,1,1,49.4,61,61.5,1.017,307,1,509
3D,2,Madhya Pradesh,110,40.0,0,2,80.5,54,77.9,0.45,210,0,508
3C,1,Uttar Pradesh,105,44.6,1,0,49.3,31,55.4,0.344,86,1,508
3C,1,Rajasthan,48,14.9,0,0,70.2,54,120.9,0.6,175,0,507
3E,5,Maharashtra,135,29.3,3,2,48.4,205,55.7,4.556,484,1,507
3G,3,Tamil Nadu,44,24.4,0,0,68.3,155,27.3,1.722,237,0,507
3H,4,Tamil Nadu,274,17.3,1,4,80.4,168,63.6,2.8,422,0,507
3H,4,Maharashtra,184,75.7,0,0,51.5,105,25.6,1.75,208,0,505
3H,4,Karnataka,14,6.8,0,0,43.0,138,16.3,2.3,203,0,504
3H,4,Karnataka,45,48.1,2,1,57.6,171,74.1,2.85,468,1,503
3A,0,Madhya Pradesh,85,66.9,1,1,74.7,42,31.3,0.7,73,1,503
3G,3,Madhya Pradesh,236,74.0,0,0,64.6,118,58.2,1.311,293,0,503
3D,2,Andhra Pradesh,132,41.8,1,0,36.4,68,18.0,0.567,104,0,503
3D,2,Maharashtra,82,21.1,1,0,79.6,32,89.3,0.267,211,0,503
3D,2,Tamil Nadu,342,90.8,1,0,70.6,42,71.8,0.35,186,0,503
3C,1,Uttar Pradesh,55,22.2,1,0,46.1,116,33.0,1.289,149,1,501
3C,1,Andhra Pradesh,100,47.4,0,1,71.6,41,75.6,0.456,117,0,501
3D,2,Uttar Pradesh,90,60.4,1,1,81.3,79,124.0,0.658,327,0,500
3D,2,Andhra Pradesh,435,282.0,1,1,38.5,39,50.0,0.325,139,1,500
3A,0,Karnataka,218,145.3,0,1,91.7,40,12.3,0.667,52,0,500
3C,1,Andhra Pradesh,52,23.4,0,0,74.2,59,42.9,0.656,102,0,499
3H,4,Karnataka,62,37.2,0,1,52.5,89,60.1,1.483,329,1,498
3C,1,Karnataka,56,3.0,0,1,60.5,11,63.8,0.122,75,0,497
3D,2,Uttar Pradesh,146,92.8,2,0,63.3,38,125.4,0.317,289,1,497
3G,3,Karnataka,143,3.0,2,0,75.2,98,124.3,1.089,471,0,495
3A,0,Uttar Pradesh,86,32.8,1,0,33.7,25,12.7,0.417,38,1,494
3C,1,Gujarat,182,97.5,1,0,57.1,42,84.3,0.467,126,1,493
3C,1,Rajasthan,256,92.3,3,1,33.5,17,117.7,0.189,135,1,493
3A,0,Uttar Pradesh,103,17.5,0,1,79.2,20,20.1,0.333,40,0,492
3A,0,Andhra Pradesh,94,78.3,0,0,58.7,10,8.7,0.167,19,0,492
3G,3,Maharashtra,243,157.5,2,0,74.7,164,53.2,1.822,324,0,492
3H,4,Uttar Pradesh,287,108.0,2,0,50.4,354,36.7,5.9,501,1,492
3D,2,Rajasthan,38,22.9,1,0,42.5,54,40.7,0.45,135,0,491
3H,4,Rajasthan,77,19.7,2,0,22.6,71,22.3,1.183,160,1,491
3D,2,Uttar Pradesh,336,130.4,0,0,51.3,116,32.9,0.967,182,0,491
3A,0,Gujarat,107,58.5,0,1,50.4,9,23.3,0.15,32,0,490
3A,0,Maharashtra,204,118.2,0,0,79.4,33,44.4,0.55,77,0,489
3H,4,Andhra Pradesh,159,41.6,0,0,58.6,223,48.3,3.717,416,1,489
3D,2,Andhra Pradesh,58,27.2,0,0,58.9,68,41.0,0.567,150,0,489
3G,3,Uttar Pradesh,104,83.5,0,0,78.1,106,54.3,1.178,269,0,489
3C,1,Andhra Pradesh,680,164.1,1,2,52.9,65,78.3,0.722,143,1,489
3E,5,Andhra Pradesh,174,159.1,3,1,42.4,97,53.0,2.156,362,1,489
3C,1,Uttar Pradesh,123,6.0,1,0,93.6,58,83.5,0.644,142,0,489
3A,0,Gujarat,40,3.0,1,0,66.7,8,23.0,0.133,31,0,488
3H,4,Tamil Nadu,173,90.3,0,0,47.5,54,18.1,0.9,126,0,488
3H,4,Uttar Pradesh,55,52.6,1,0,56.8,286,54.6,4.767,504,1,487
3E,5,Maharashtra,88,3.0,0,0,56.1,119,20.4,2.644,221,0,487
3G,3,Madhya Pradesh,265,173.4,3,0,57.9,151,62.7,1.678,339,1,487
3H,4,Karnataka,165,74.2,1,0,45.6,57,20.4,0.95,139,0,487
3D,2,Karnataka,33,19.6,0,1,57.3,14,36.7,0.117,87,0,486
3G,3,Andhra Pradesh,60,6.5,0,0,48.8,49,25.3,0.544,125,0,486
3D,2,Uttar Pradesh,260,137.7,0,0,38.6,29,26.9,0.242,83,0,485
3H,4,Gujarat,114,16.9,4,0,21.7,156,79.7,2.6,475,1,485
3A,0,Madhya Pradesh,401,234.5,1,3,35.6,23,41.7,0.383,65,1,484
3D,2,Andhra Pradesh,1132,593.9,0,0,25.5,15,49.3,0.125,114,1,484
3D,2,Andhra Pradesh,83,42.6,1,0,35.0,63,65.6,0.525,194,1,483
3C,1,Tamil Nadu,38,38.6,1,1,51.1,50,64.7,0.556,115,0,483
3H,4,Madhya Pradesh,230,123.6,0,4,81.0,219,50.5,3.65,421,0,483
3G,3,Gujarat,53,3.0,1,1,66.1,170,97.0,1.889,461,0,482
3H,4,Gujarat,184,77.6,0,1,52.1,184,36.4,3.067,330,0,481
3D,2,Maharashtra,330,93.5,1,2,57.6,40,52.7,0.333,145,0,481
3A,0,Maharashtra,213,110.3,0,2,57.6,25,15.9,0.417,41,0,480
3E,5,Maharashtra,557,381.8,2,2,91.0,27,83.3,0.6,444,0,480
3H,4,Maharashtra,75,31.1,1,1,64.2,155,28.0,2.583,267,0,480
3H,4,Karnataka,148,54.3,0,0,81.5,297,63.7,4.95,552,0,480
3H,4,Rajasthan,295,73.7,3,0,57.0,115,107.9,1.917,547,1,478
3D,2,Uttar Pradesh,336,230.8,0,0,64.6,85,46.2,0.708,177,0,478
3C,1,Tamil Nadu,232,143.2,2,1,56.6,19,74.4,0.211,93,0,478
3H,4,Rajasthan,637,141.6,1,0,40.5,142,51.2,2.367,347,1,477
3D,2,Karnataka,215,94.0,0,0,53.0,88,15.1,0.733,118,0,477
3A,0,Karnataka,125,29.7,0,0,59.8,21,9.2,0.35,30,0,477
3G,3,Andhra Pradesh,264,76.7,2,0,68.3,155,83.5,1.722,406,1,476
3A,0,Madhya Pradesh,281,21.8,1,1,69.0,11,58.8,0.183,70,0,475
3D,2,Andhra Pradesh,63,24.2,0,0,44.1,80,21.4,0.667,123,1,475
3C,1,Uttar Pradesh,1195,251.4,4,2,50.1,26,58.9,0.289,85,1,474
3C,1,Uttar Pradesh,115,46.6,1,0,48.4,10,56.2,0.111,66,0,473
3E,5,Rajasthan,130,50.7,0,0,73.0,244,24.7,5.422,367,0,473
3G,3,Tamil Nadu,185,97.8,1,0,38.3,29,32.6,0.322,127,0,472
3C,1,Karnataka,86,3.0,0,0,76.1,47,64.6,0.522,112,0,472
3A,0,Tamil Nadu,1194,557.7,3,0,72.9,26,15.0,0.433,41,0,471
3C,1,Gujarat,272,154.8,2,0,27.8,5,54.9,0.056,60,1,471
3G,3,Gujarat,110,51.5,0,0,82.7,113,71.4,1.256,327,0,470
3G,3,Karnataka,110,55.3,0,1,40.4,31,24.7,0.344,105,0,470
3E,5,Gujarat,533,148.2,0,1,64.8,177,25.0,3.933,302,0,469
3D,2,Uttar Pradesh,195,67.8,1,1,62.5,156,10.3,1.3,177,1,469
3D,2,Madhya Pradesh,161,148.7,2,1,78.0,223,43.1,1.858,309,0,467
3C,1,Uttar Pradesh,77,73.5,1,0,71.1,61,45.8,0.678,107,0,466
3C,1,Karnataka,41,11.5,0,0,95.6,51,72.1,0.567,123,0,466
3E,5,Tamil Nadu,41,29.1,0,0,47.6,47,21.9,1.044,156,0,465
3E,5,Andhra Pradesh,225,80.3,1,0,60.5,216,15.2,4.8,292,0,465
3A,0,Uttar Pradesh,103,14.6,0,0,39.6,33,17.0,0.55,50,1,464
3H,4,Tamil Nadu,109,18.3,5,1,10.2,23,73.6,0.383,317,1,463
3D,2,Madhya Pradesh,54,64.6,2,0,65.0,175,87.0,1.458,349,1,462
3C,1,Rajasthan,412,264.4,4,1,30.4,111,67.3,1.233,178,1,460
3H,4,Karnataka,88,48.5,1,0,58.0,182,34.6,3.033,320,1,460
3H,4,Andhra Pradesh,64,29.7,1,0,42.8,168,23.0,2.8,260,0,457
3C,1,Uttar Pradesh,141,73.0,0,0,65.9,39,36.4,0.433,75,0,457
3D,2,Madhya Pradesh,334,118.6,1,1,54.1,113,54.7,0.942,222,1,457
3D,2,Gujarat,72,7.4,1,1,55.6,60,46.7,0.5,153,0,456
3G,3,Gujarat,368,226.8,1,0,67.4,93,72.9,1.033,312,0,456
3C,1,Andhra Pradesh,226,124.7,2,0,40.4,62,116.0,0.689,178,1,453
3A,0,Andhra Pradesh,110,78.9,2,0,59.2,7,27.3,0.117,34,1,452
3A,0,Karnataka,577,215.9,4,6,29.8,35,41.2,0.583,76,1,452
3G,3,Gujarat,41,3.0,1,0,71.2,333,36.6,3.7,443,1,452
3D,2,Karnataka,340,63.6,1,0,58.0,128,66.9,1.067,262,1,450
3A,0,Madhya Pradesh,204,151.4,0,2,49.5,17,35.9,0.283,53,1,450
3H,4,Maharashtra,25,3.0,0,0,74.2,91,40.3,1.517,252,0,450
3C,1,Maharashtra,26,8.6,0,0,48.2,17,27.3,0.189,44,0,449
3D,2,Andhra Pradesh,31,18.1,2,1,72.8,113,115.7,0.942,344,1,449
3A,0,Rajasthan,85,58.8,1,2,72.2,5,44.7,0.083,50,0,448
3D,2,Uttar Pradesh,47,25.5,1,0,58.4,112,117.0,0.933,346,1,448
3D,2,Rajasthan,39,16.7,1,2,68.6,100,105.5,0.833,311,1,448
3C,1,Andhra Pradesh,99,54.8,0,0,64.6,40,40.5,0.444,81,0,448
3C,1,Maharashtra,33,22.9,2,0,75.6,47,137.0,0.522,184,1,447
3D,2,Tamil Nadu,43,20.3,2,0,66.4,115,56.7,0.958,228,0,447
3A,0,Rajasthan,38,17.8,0,1,90.3,11,39.8,0.183,51,0,447
3H,4,Uttar Pradesh,51,3.0,1,0,72.7,36,42.8,0.6,207,0,447
3D,2,Karnataka,138,8.0,3,1,45.3,80,24.2,0.667,128,1,445
3C,1,Maharashtra,162,35.4,0,1,51.5,53,89.2,0.589,142,0,445
3G,3,Madhya Pradesh,40,36.8,1,0,72.3,63,100.8,0.7,365,0,445
3E,5,Uttar Pradesh,162,23.5,5,1,50.7,286,70.3,6.356,637,1,444
3D,2,Rajasthan,46,7.5,0,0,55.7,23,45.5,0.192,114,0,443
3G,3,Maharashtra,214,79.0,0,0,72.3,117,94.0,1.3,399,0,442
3A,0,Tamil Nadu,187,76.4,1,0,71.7,10,36.4,0.167,46,0,442
3G,3,Tamil Nadu,139,51.6,1,1,70.7,86,83.6,0.956,337,0,441
3D,2,Karnataka,75,44.7,3,1,60.1,233,34.7,1.942,302,1,441
3C,1,Karnataka,66,46.4,1,0,51.1,33,89.9,0.367,123,1,439
3G,3,Gujarat,267,106.6,3,3,49.2,366,30.1,4.067,456,1,438
3H,4,Tamil Nadu,426,116.3,2,3,59.3,269,65.9,4.483,533,1,438
3A,0,Tamil Nadu,193,79.2,1,0,53.6,22,42.8,0.367,65,0,437
3C,1,Maharashtra,68,30.3,2,2,66.5,108,92.1,1.2,200,1,437
3D,2,Madhya Pradesh,107,42.4,2,0,34.8,119,30.3,0.992,180,1,437
3D,2,Tamil Nadu,132,83.2,1,0,43.7,68,75.6,0.567,219,1,435
3D,2,Uttar Pradesh,84,10.6,1,0,67.0,98,131.5,0.817,361,0,435
3A,0,Andhra Pradesh,96,16.4,1,1,87.6,35,29.8,0.583,65,0,435
3C,1,Maharashtra,62,38.6,0,0,61.3,54,68.0,0.6,122,0,434
3D,2,Madhya Pradesh,151,66.2,0,1,50.8,64,25.7,0.533,115,0,434
3C,1,Tamil Nadu,411,100.0,0,0,71.4,72,68.9,0.8,141,0,434
3G,3,Karnataka,37,17.7,2,0,34.4,56,89.3,0.622,324,1,433
3G,3,Madhya Pradesh,83,58.7,0,0,57.2,76,31.2,0.844,169,0,433
3D,2,Gujarat,165,84.3,3,0,48.4,84,125.3,0.7,335,1,432
3D,2,Maharashtra,104,41.3,1,0,53.0,163,38.1,1.358,239,1,432
3H,4,Tamil Nadu,341,168.6,2,1,73.7,120,80.9,2.0,444,0,432
3C,1,Gujarat,114,31.6,0,0,53.5,35,14.8,0.389,50,0,431
3D,2,Uttar Pradesh,55,3.0,2,0,50.1,141,34.4,1.175,210,0,431
3A,0,Maharashtra,116,37.5,1,0,78.4,13,53.3,0.217,66,0,430
3D,2,Uttar Pradesh,145,50.7,0,0,65.9,105,41.2,0.875,187,0,429
3D,2,Karnataka,140,112.0,0,0,57.4,57,18.6,0.475,94,0,428
3G,3,Uttar Pradesh,389,44.3,6,2,34.6,220,91.0,2.444,493,1,428
3C,1,Maharashtra,95,48.6,0,0,60.7,59,30.8,0.656,90,0,428
3H,4,Rajasthan,57,17.3,0,0,80.9,277,48.9,4.617,472,0,427
3A,0,Madhya Pradesh,495,160.5,2,0,40.9,17,26.7,0.283,44,1,427
3A,0,Maharashtra,88,23.3,0,0,84.1,11,27.9,0.183,39,0,427
3H,4,Tamil Nadu,728,408.6,0,0,40.9,101,51.7,1.683,308,1,426
3D,2,Tamil Nadu,72,43.4,0,0,40.5,75,18.3,0.625,112,0,426
3C,1,Rajasthan,82,9.4,0,0,43.7,64,40.1,0.711,104,1,426
3C,1,Maharashtra,89,52.8,1,0,76.5,19,57.8,0.211,77,0,426
3C,1,Madhya Pradesh,594,36.6,3,3,52.3,117,85.0,1.3,202,1,426
3G,3,Gujarat,88,39.2,1,1,50.1,143,29.3,1.589,231,1,426
3G,3,Gujarat,105,26.7,0,0,46.8,16,66.1,0.178,214,1,424
3C,1,Madhya Pradesh,56,18.3,0,0,78.6,71,30.7,0.789,102,0,424
3C,1,Gujarat,175,51.1,0,0,68.0,49,97.2,0.544,146,0,424
3D,2,Madhya Pradesh,189,99.5,1,1,65.8,43,32.5,0.358,108,0,423
3E,5,Gujarat,119,34.3,0,0,56.4,165,3.0,3.667,180,0,422
3D,2,Karnataka,143,55.7,0,0,43.3,19,39.0,0.158,97,0,421
3G,3,Rajasthan,169,61.5,0,0,55.3,129,20.5,1.433,190,0,421
3G,3,Gujarat,146,85.0,0,0,50.6,45,77.8,0.5,278,1,421
3A,0,Karnataka,70,24.2,0,0,66.3,34,30.7,0.567,65,1,421
3C,1,Madhya Pradesh,102,32.4,3,0,26.1,22,37.4,0.244,59,1,421
3H,4,Karnataka,124,62.8,3,0,66.7,143,67.2,2.383,412,0,421
3D,2,Maharashtra,127,43.1,1,1,64.1,31,60.5,0.258,152,0,420
3D,2,Andhra Pradesh,399,142.2,0,2,52.5,86,66.7,0.717,219,0,419
3A,0,Karnataka,195,101.9,2,0,68.8,17,48.2,0.283,65,0,419
3C,1,Madhya Pradesh,147,74.4,0,0,76.8,64,48.5,0.711,112,0,418
3E,5,Tamil Nadu,105,29.9,1,0,70.1,133,39.4,2.956,330,0,418
3D,2,Maharashtra,10,3.0,0,0,59.6,91,13.0,0.758,117,0,418
3E,5,Uttar Pradesh,44,3.0,1,0,50.1,47,37.6,1.044,235,1,418
3A,0,Andhra Pradesh,85,54.6,0,0,76.5,2,30.9,0.033,33,0,417
3E,5,Maharashtra,568,168.9,1,0,77.7,228,19.4,5.067,325,0,415
3H,4,Madhya Pradesh,59,12.4,0,0,69.3,175,44.4,2.917,353,0,413
3A,0,Gujarat,74,52.6,1,0,58.4,10,30.6,0.167,41,0,412
3D,2,Andhra Pradesh,102,37.9,1,0,66.0,76,72.7,0.633,221,0,412
3G,3,Madhya Pradesh,173,64.2,1,1,68.5,208,18.2,2.311,263,0,412
3D,2,Maharashtra,93,65.0,2,0,68.9,224,59.7,1.867,343,1,412
3C,1,Andhra Pradesh,238,85.3,0,0,68.8,25,75.5,0.278,100,0,412
3D,2,Karnataka,389,42.3,2,1,50.3,149,74.1,1.242,297,1,412
3H,4,Madhya Pradesh,117,14.2,0,0,79.8,209,27.9,3.483,321,0,411
3G,3,Rajasthan,75,3.0,3,0,72.5,110,105.9,1.222,428,1,411
3E,5,Maharashtra,85,43.1,0,0,90.7,168,47.9,3.733,408,0,411
3D,2,Uttar Pradesh,60,16.8,0,0,88.4,79,99.7,0.658,278,0,410
3H,4,Tamil Nadu,201,95.8,1,1,40.7,105,14.1,1.75,162,1,410
3C,1,Madhya Pradesh,358,115.4,2,0,32.8,23,44.5,0.256,67,1,410
3C,1,Tamil Nadu,335,140.5,0,0,53.3,9,30.9,0.1,40,0,409
3A,0,Madhya Pradesh,213,163.3,3,1,49.2,16,48.3,0.267,64,1,408
3A,0,Rajasthan,161,103.6,0,2,77.5,21,32.5,0.35,53,0,407
3E,5,Tamil Nadu,89,35.2,1,2,60.3,75,50.5,1.667,328,0,406
3H,4,Madhya Pradesh,71,59.6,0,0,53.5,112,14.5,1.867,170,0,405
3E,5,Maharashtra,30,18.6,1,1,62.8,328,39.2,7.289,524,0,405
3A,0,Rajasthan,85,23.7,3,0,14.4,14,19.4,0.233,33,1,405
3D,2,Gujarat,356,164.3,0,0,71.7,37,70.8,0.308,179,0,404
3G,3,Madhya Pradesh,89,47.6,1,0,32.1,141,12.4,1.567,178,1,403
3D,2,Uttar Pradesh,149,52.2,1,1,75.0,130,77.8,1.083,286,0,402
3C,1,Andhra Pradesh,31,3.0,0,0,45.1,16,23.2,0.178,39,0,402
3H,4,Uttar Pradesh,38,15.7,1,0,47.1,114,36.5,1.9,260,1,401
3D,2,Madhya Pradesh,218,118.5,0,1,94.3,45,95.7,0.375,236,0,401
3G,3,Andhra Pradesh,176,60.5,2,1,73.8,169,67.2,1.878,371,0,401
3D,2,Karnataka,145,71.5,1,1,61.8,28,79.8,0.233,188,0,401
3D,2,Andhra Pradesh,315,159.9,2,1,68.9,136,88.9,1.133,314,1,400
3G,3,Rajasthan,127,75.0,1,1,63.7,106,29.5,1.178,195,0,399
3C,1,Maharashtra,73,19.8,1,1,62.2,12,101.0,0.133,113,0,398
3G,3,Karnataka,128,45.6,0,1,64.4,157,46.8,1.744,297,0,398
3A,0,Andhra Pradesh,427,228.8,2,2,59.1,22,20.5,0.367,42,0,397
3A,0,Uttar Pradesh,228,116.2,1,1,37.1,18,16.3,0.3,34,1,397
3D,2,Andhra Pradesh,338,60.9,0,1,33.8,25,45.1,0.208,115,1,397
3D,2,Madhya Pradesh,103,37.9,2,0,43.5,103,42.9,0.858,189,1,396
3G,3,Maharashtra,55,34.8,1,0,67.3,281,32.0,3.122,377,0,396
3D,2,Madhya Pradesh,268,144.1,1,1,77.1,21,124.9,0.175,271,0,396
3H,4,Maharashtra,127,67.6,1,1,64.3,271,16.7,4.517,338,0,396
3G,3,Madhya Pradesh,130,72.8,1,1,68.3,92,76.1,1.022,320,0,395
3E,5,Andhra Pradesh,99,28.4,0,0,61.3,144,46.1,3.2,375,0,395
3C,1,Karnataka,72,53.1,0,0,59.7,56,32.7,0.622,89,0,394
3A,0,Gujarat,122,41.8,0,0,63.2,22,8.9,0.367,31,0,394
3D,2,Uttar Pradesh,229,70.4,1,0,85.5,134,51.5,1.117,237,0,394
3G,3,Madhya Pradesh,48,23.2,1,3,59.7,79,88.4,0.878,344,1,394
3C,1,Madhya Pradesh,220,62.1,2,0,33.8,17,59.1,0.189,76,1,393
3G,3,Tamil Nadu,163,48.8,0,0,78.5,259,7.6,2.878,282,0,393
3G,3,Maharashtra,478,200.3,0,1,86.5,71,59.7,0.789,250,0,393
3H,4,Madhya Pradesh,489,146.7,0,0,53.1,30,25.5,0.5,132,0,392
3C,1,Maharashtra,114,88.6,1,2,42.0,30,81.9,0.333,112,0,392
3E,5,Rajasthan,48,34.5,0,0,46.0,21,37.6,0.467,209,0,392
3C,1,Gujarat,110,48.0,0,0,54.8,21,94.7,0.233,116,0,392
3E,5,Tamil Nadu,150,64.8,0,0,67.6,90,46.1,2.0,321,0,391
3H,4,Rajasthan,60,15.2,0,0,58.3,64,13.4,1.067,118,0,391
3G,3,Karnataka,44,22.7,0,0,64.3,83,48.9,0.922,230,0,390
3A,0,Karnataka,156,104.0,0,1,73.8,3,43.0,0.05,46,0,389
3E,5,Karnataka,134,25.0,0,1,39.3,66,19.3,1.467,162,0,389
3C,1,Tamil Nadu,68,17.3,0,0,66.1,18,73.4,0.2,91,0,388
3G,3,Tamil Nadu,101,70.6,1,0,49.1,29,34.3,0.322,132,0,388
3A,0,Gujarat,221,71.8,4,0,62.2,53,9.0,0.883,62,1,386
3G,3,Karnataka,520,83.9,0,0,73.2,127,15.3,1.411,173,0,386
3D,2,Rajasthan,224,122.9,2,0,32.5,120,62.6,1.0,245,1,386
3D,2,Madhya Pradesh,107,40.1,0,1,60.6,27,62.4,0.225,152,0,384
3G,3,Maharashtra,288,138.6,0,0,40.1,105,12.9,1.167,144,0,384
3D,2,Rajasthan,72,24.2,1,1,70.3,156,49.4,1.3,255,0,383
3E,5,Andhra Pradesh,269,145.5,0,0,58.7,186,14.8,4.133,260,0,383
3A,0,Madhya Pradesh,289,142.3,0,2,53.1,17,17.8,0.283,35,0,382
3A,0,Tamil Nadu,76,31.7,1,0,47.2,21,6.2,0.35,27,0,382
3E,5,Gujarat,287,82.1,1,1,51.2,138,52.7,3.067,402,1,382
3H,4,Uttar Pradesh,340,122.2,1,1,57.1,81,38.4,1.35,234,0,381
3A,0,Rajasthan,504,74.1,7,2,36.8,28,50.4,0.467,78,1,381
3D,2,Tamil Nadu,156,37.3,0,0,73.0,90,63.3,0.75,217,0,380
3D,2,Tamil Nadu,66,27.6,0,1,51.2,45,40.5,0.375,126,0,380
3C,1,Uttar Pradesh,119,71.3,0,0,83.3,90,31.1,1.0,121,0,380
3E,5,Madhya Pradesh,130,44.0,1,0,59.9,136,20.1,3.022,236,0,379
3A,0,Uttar Pradesh,172,52.3,0,1,53.8,20,32.3,0.333,52,0,378
3A,0,Andhra Pradesh,115,64.4,0,0,72.9,10,49.9,0.167,60,1,378
3A,0,Karnataka,57,14.4,0,1,55.6,5,19.4,0.083,24,0,378
3C,1,Karnataka,76,51.0,2,0,44.7,68,73.8,0.756,142,1,378
3D,2,Uttar Pradesh,232,114.8,1,0,47.9,52,59.2,0.433,170,0,377
3C,1,Tamil Nadu,57,14.1,2,0,75.0,38,80.2,0.422,118,0,377
3E,5,Karnataka,77,51.8,2,1,50.3,52,85.6,1.156,480,1,377
3H,4,Karnataka,524,176.0,2,1,39.4,359,39.6,5.983,517,1,376
3E,5,Uttar Pradesh,76,33.6,1,0,69.8,117,49.8,2.6,366,0,376
3G,3,Uttar Pradesh,99,70.9,2,1,46.5,49,64.1,0.544,241,1,376
3C,1,Gujarat,358,237.8,0,0,49.8,73,36.8,0.811,110,0,376
3A,0,Maharashtra,108,3.0,2,1,59.7,22,39.5,0.367,62,0,375
3H,4,Andhra Pradesh,205,93.3,1,0,49.2,200,50.8,3.333,403,0,373
3C,1,Rajasthan,604,320.0,0,0,89.4,76,47.1,0.844,123,0,372
3G,3,Madhya Pradesh,256,50.1,1,0,29.6,70,47.8,0.778,213,1,371
3C,1,Tamil Nadu,137,29.9,1,2,26.1,12,71.9,0.133,84,1,371
3A,0,Gujarat,63,16.9,0,0,81.5,4,46.2,0.067,50,0,371
3C,1,Uttar Pradesh,156,36.9,0,1,46.3,22,16.0,0.244,38,0,370
3E,5,Uttar Pradesh,617,132.0,1,2,73.6,57,83.2,1.267,473,0,370
3C,1,Maharashtra,207,149.5,2,1,37.6,34,60.9,0.378,95,1,370
3H,4,Uttar Pradesh,70,9.9,0,0,92.9,332,22.1,5.533,421,0,369
3C,1,Andhra Pradesh,95,57.4,2,0,62.9,41,68.9,0.456,110,0,369
3C,1,Maharashtra,160,85.6,0,1,51.9,5,86.6,0.056,92,0,368
3D,2,Tamil Nadu,64,18.6,4,1,44.2,134,79.8,1.117,294,1,366
3G,3,Madhya Pradesh,219,127.6,3,0,41.2,90,71.1,1.0,303,1,366
3D,2,Karnataka,243,91.0,0,0,49.7,30,50.9,0.25,132,0,364
3D,2,Madhya Pradesh,29,3.0,2,0,42.6,161,63.8,1.342,289,1,364
3C,1,Rajasthan,33,3.0,1,1,62.1,26,65.0,0.289,91,0,364
3D,2,Uttar Pradesh,409,206.8,0,2,65.3,43,71.1,0.358,185,0,364
3A,0,Karnataka,420,251.3,0,1,57.1,29,24.0,0.483,53,1,364
3A,0,Uttar Pradesh,187,12.4,3,0,59.6,30,6.6,0.5,37,0,364
3A,0,Gujarat,119,66.5,1,0,61.8,8,42.0,0.133,50,0,363
3H,4,Maharashtra,120,25.8,1,0,46.0,31,56.8,0.517,258,0,363
3G,3,Uttar Pradesh,77,44.6,0,0,54.7,81,36.1,0.9,189,0,363
3G,3,Rajasthan,729,254.1,0,0,63.2,77,16.8,0.856,127,0,363
3A,0,Tamil Nadu,197,125.6,0,1,72.2,26,34.7,0.433,61,1,362
3H,4,Karnataka,42,18.0,0,0,45.7,200,17.0,3.333,268,0,362
3G,3,Madhya Pradesh,42,19.5,1,0,46.9,138,23.6,1.533,209,0,361
3A,0,Maharashtra,110,33.8,0,0,57.7,24,29.6,0.4,54,0,361
3D,2,Uttar Pradesh,234,149.5,2,1,61.5,79,100.2,0.658,279,1,361
3E,5,Maharashtra,89,70.6,3,0,71.2,196,34.4,4.356,368,0,361
3H,4,Karnataka,115,83.0,3,2,61.7,159,64.7,2.65,418,0,360
3C,1,Rajasthan,91,53.6,0,0,51.4,8,40.1,0.089,48,0,360
3H,4,Karnataka,275,186.4,1,3,69.5,357,41.7,5.95,524,0,360
3A,0,Andhra Pradesh,838,516.9,3,1,68.9,28,46.6,0.467,75,1,360
3H,4,Karnataka,58,39.7,1,1,62.2,233,70.0,3.883,513,1,359
3D,2,Karnataka,87,35.5,0,0,67.4,106,38.9,0.883,184,0,359
3H,4,Uttar Pradesh,101,69.7,0,0,61.1,163,13.3,2.717,216,0,358
3D,2,Uttar Pradesh,255,117.0,0,0,73.6,146,30.8,1.217,208,0,357
3H,4,Rajasthan,72,31.6,0,0,55.6,39,30.3,0.65,160,0,357
3H,4,Uttar Pradesh,61,44.1,1,0,70.9,79,62.2,1.317,328,0,357
3D,2,Rajasthan,107,59.7,0,0,58.1,47,14.2,0.392,75,0,355
3E,5,Uttar Pradesh,58,18.1,1,0,74.2,155,35.1,3.444,330,0,355
3E,5,Tamil Nadu,56,32.4,0,0,54.2,209,19.3,4.644,305,0,355
3D,2,Rajasthan,273,67.3,1,0,67.7,170,72.2,1.417,314,1,353
3D,2,Rajasthan,359,208.7,2,0,52.3,161,102.3,1.342,366,1,353
3G,3,Karnataka,93,40.3,0,0,71.8,63,36.1,0.7,171,0,352
3C,1,Gujarat,88,41.6,0,0,51.6,28,43.6,0.311,72,0,351
3E,5,Andhra Pradesh,121,34.3,1,0,63.2,160,44.1,3.556,380,0,351
3G,3,Gujarat,247,90.5,0,0,58.8,123,22.7,1.367,191,0,351
3D,2,Uttar Pradesh,116,72.8,2,3,34.5,53,92.0,0.442,237,1,350
3C,1,Rajasthan,72,36.6,0,0,48.9,62,39.2,0.689,101,1,349
3A,0,Karnataka,211,162.1,1,0,61.2,11,23.6,0.183,35,0,347
3D,2,Gujarat,67,20.3,1,0,60.2,70,50.6,0.583,171,0,346
3G,3,Gujarat,255,140.8,2,1,69.4,116,105.6,1.289,433,1,346
3H,4,Maharashtra,261,156.0,0,0,94.0,152,49.4,2.533,350,0,345
3G,3,Karnataka,274,33.0,2,2,61.9,192,51.4,2.133,346,1,345
3G,3,Karnataka,50,20.5,1,1,66.7,49,77.2,0.544,281,0,345
3G,3,Tamil Nadu,73,20.8,2,0,58.4,151,70.4,1.678,362,1,345
3A,0,Uttar Pradesh,311,177.9,0,0,47.3,7,12.1,0.117,19,0,344
3D,2,Gujarat,96,37.4,0,0,47.9,34,43.7,0.283,121,0,343
3G,3,Gujarat,42,13.8,1,0,66.7,122,41.5,1.356,246,0,343
3D,2,Karnataka,160,108.0,1,0,50.7,67,61.5,0.558,190,1,341
3E,5,Maharashtra,43,3.0,0,0,91.5,217,50.0,4.822,467,0,341
3A,0,Karnataka,58,45.7,1,0,51.6,16,9.5,0.267,26,0,340
3C,1,Andhra Pradesh,57,30.5,0,0,63.4,51,76.5,0.567,127,0,339
3E,5,Andhra Pradesh,66,43.5,2,0,60.0,362,43.9,8.044,582,0,339
3C,1,Maharashtra,75,38.9,0,1,37.6,36,21.5,0.4,58,1,339
3G,3,Uttar Pradesh,217,227.1,0,1,57.1,106,38.1,1.178,220,0,339
3A,0,Karnataka,85,79.8,0,1,86.2,50,7.8,0.833,58,0,338
3G,3,Andhra Pradesh,110,60.1,1,0,61.7,197,41.8,2.189,322,0,336
3D,2,Madhya Pradesh,193,114.5,0,0,43.3,54,14.0,0.45,82,0,334
3G,3,Maharashtra,35,3.0,2,1,47.3,133,83.6,1.478,384,1,332
3D,2,Tamil Nadu,77,38.7,2,2,67.0,96,116.0,0.8,328,1,332
3C,1,Tamil Nadu,38,26.8,0,0,53.6,58,15.6,0.644,74,1,331
3C,1,Rajasthan,186,22.9,0,1,41.6,24,30.5,0.267,55,0,331
3A,0,Rajasthan,29,16.5,1,1,86.3,8,43.5,0.133,51,0,331
3G,3,Uttar Pradesh,15,3.2,3,1,57.2,141,58.2,1.567,316,0,329
3A,0,Madhya Pradesh,22,20.3,2,1,56.1,22,32.2,0.367,54,0,329
3A,0,Uttar Pradesh,77,31.0,0,0,58.9,13,15.2,0.217,28,0,329
3G,3,Rajasthan,179,155.2,0,0,64.3,63,51.9,0.7,219,0,328
3C,1,Andhra Pradesh,159,36.1,2,0,50.1,54,20.5,0.6,74,0,327
3H,4,Maharashtra,472,229.0,2,2,43.8,208,37.8,3.467,359,1,327
3H,4,Gujarat,216,92.5,3,0,70.2,176,68.6,2.933,450,0,326
3G,3,Andhra Pradesh,9,3.0,0,1,66.9,32,62.6,0.356,220,0,326
3G,3,Madhya Pradesh,112,80.7,0,0,87.6,163,60.7,1.811,345,0,326
3C,1,Gujarat,492,186.1,1,1,77.2,61,55.0,0.678,116,0,325
3D,2,Tamil Nadu,128,29.5,0,0,82.1,215,17.0,1.792,249,0,323
3C,1,Uttar Pradesh,261,141.5,0,1,69.1,22,145.5,0.244,168,1,323
3H,4,Andhra Pradesh,152,3.4,0,1,55.5,22,35.4,0.367,164,0,322
3D,2,Gujarat,351,143.4,1,0,31.2,126,5.0,1.05,136,1,321
3D,2,Madhya Pradesh,560,307.4,1,0,42.1,55,36.0,0.458,127,0,321
3D,2,Madhya Pradesh,465,138.8,1,0,80.1,86,100.1,0.717,286,0,320
3C,1,Gujarat,94,34.0,1,0,69.8,51,98.5,0.567,149,0,320
3D,2,Tamil Nadu,112,41.3,1,3,37.5,59,94.0,0.492,247,1,319
3C,1,Maharashtra,117,42.5,2,0,47.5,55,95.9,0.611,151,1,319
3A,0,Maharashtra,89,42.1,2,1,41.0,33,18.9,0.55,52,1,318
3G,3,Maharashtra,97,72.8,1,0,50.3,64,84.6,0.711,318,1,318
3D,2,Tamil Nadu,99,70.0,0,0,43.6,68,28.7,0.567,125,0,317
3G,3,Karnataka,15,3.0,1,0,39.9,138,39.3,1.533,256,1,317
3D,2,Andhra Pradesh,90,53.1,0,0,91.9,78,78.3,0.65,235,0,316
3D,2,Andhra Pradesh,83,25.5,1,0,86.4,142,75.9,1.183,294,0,316
3D,2,Uttar Pradesh,35,11.3,0,1,65.8,63,50.8,0.525,165,0,315
3E,5,Uttar Pradesh,38,26.3,3,0,100.0,282,58.3,6.267,573,0,315
3C,1,Gujarat,64,3.0,0,0,73.1,65,62.6,0.722,128,0,315
3E,5,Andhra Pradesh,171,94.5,0,0,60.3,65,39.7,1.444,264,0,314
3G,3,Rajasthan,66,18.8,2,0,64.8,254,48.8,2.822,400,1,314
3D,2,Uttar Pradesh,457,329.0,1,1,68.6,79,84.3,0.658,248,0,313
3A,0,Karnataka,280,144.0,2,1,66.6,5,56.7,0.083,62,0,310
3H,4,Maharashtra,102,12.4,3,0,29.5,112,82.2,1.867,441,1,310
3H,4,Gujarat,534,296.2,0,2,48.9,50,24.7,0.833,149,0,310
3A,0,Tamil Nadu,181,103.9,1,1,63.3,19,13.5,0.317,33,0,310
3C,1,Karnataka,27,3.0,2,1,74.0,60,72.9,0.667,133,1,309
3G,3,Karnataka,126,30.0,2,0,36.1,81,38.7,0.9,197,0,309
3G,3,Madhya Pradesh,133,17.2,2,1,73.6,297,55.3,3.3,463,1,309
3E,5,Rajasthan,25,15.6,0,0,58.5,55,21.3,1.222,161,0,309
3H,4,Gujarat,32,3.0,0,1,93.1,202,54.2,3.367,419,0,309
3D,2,Gujarat,92,42.3,0,3,68.7,51,134.0,0.425,319,1,308
3A,0,Gujarat,84,9.4,2,1,60.9,19,43.4,0.317,62,1,307
3A,0,Andhra Pradesh,116,52.6,0,0,62.8,8,36.2,0.133,44,0,307
3A,0,Rajasthan,42,24.6,2,0,65.1,46,21.6,0.767,68,0,306
3H,4,Andhra Pradesh,78,58.8,2,0,76.2,145,84.4,2.417,483,0,305
3E,5,Rajasthan,83,30.4,2,1,49.7,211,73.5,4.689,578,1,305
3C,1,Tamil Nadu,135,66.3,0,0,91.2,63,102.0,0.7,165,0,304
3G,3,Uttar Pradesh,71,24.2,1,0,95.5,216,42.4,2.4,343,0,304
3D,2,Karnataka,26,4.5,1,0,53.8,54,17.1,0.45,88,0,302
3A,0,Gujarat,205,22.8,0,1,96.2,34,23.6,0.567,58,0,302
3D,2,Maharashtra,221,40.4,2,0,50.9,32,111.0,0.267,254,1,302
3A,0,Uttar Pradesh,76,23.2,0,1,51.7,7,26.0,0.117,33,0,302
3C,1,Andhra Pradesh,128,60.6,0,0,78.4,97,39.2,1.078,136,0,301
3A,0,Tamil Nadu,39,18.7,1,0,66.2,18,20.6,0.3,39,0,301
3G,3,Madhya Pradesh,536,302.1,3,2,33.0,372,14.8,4.133,416,1,301
3G,3,Tamil Nadu,60,3.0,0,0,53.1,10,45.0,0.111,145,0,300
3E,5,Karnataka,136,85.2,1,0,43.4,46,26.6,1.022,179,1,300
3D,2,Uttar Pradesh,267,159.0,1,0,44.4,9,72.9,0.075,155,1,300
3E,5,Uttar Pradesh,86,21.4,2,2,63.1,346,40.0,7.689,546,0,299
3H,4,Tamil Nadu,114,59.6,2,1,59.0,446,22.6,7.433,536,1,297
3A,0,Maharashtra,87,19.5,3,0,25.2,9,51.8,0.15,61,1,297
3A,0,Gujarat,48,12.3,0,1,20.1,7,20.3,0.117,27,1,297
3H,4,Andhra Pradesh,269,118.9,0,1,39.9,49,27.2,0.817,158,0,297
3A,0,Tamil Nadu,458,175.4,1,1,28.3,6,21.0,0.1,27,1,295
3E,5,Rajasthan,62,6.8,1,0,39.5,143,23.9,3.178,262,1,295
3A,0,Andhra Pradesh,104,32.2,0,1,78.4,38,29.2,0.633,67,0,294
3E,5,Madhya Pradesh,129,48.3,1,1,60.6,173,52.4,3.844,435,0,292
3E,5,Madhya Pradesh,160,42.3,2,1,59.2,128,65.1,2.844,454,0,292
3C,1,Madhya Pradesh,15,21.7,1,0,73.9,38,51.9,0.422,90,0,292
3G,3,Rajasthan,385,112.7,0,2,72.4,52,95.4,0.578,338,0,292
3G,3,Tamil Nadu,163,93.6,0,2,65.6,199,51.8,2.211,354,0,291
3G,3,Maharashtra,544,139.3,2,0,46.3,40,106.9,0.444,361,1,291
3A,0,Gujarat,236,101.8,0,0,49.0,7,17.2,0.117,24,0,289
3A,0,Rajasthan,54,22.2,2,0,38.4,23,20.5,0.383,44,1,289
3D,2,Uttar Pradesh,139,68.3,0,0,92.9,192,40.6,1.6,273,0,288
3G,3,Maharashtra,167,120.5,1,1,57.3,133,93.9,1.478,415,1,288
3E,5,Rajasthan,215,110.9,1,1,49.6,173,79.9,3.844,573,1,287
3A,0,Madhya Pradesh,182,45.9,1,0,68.1,22,34.1,0.367,56,1,287
3H,4,Madhya Pradesh,60,44.7,1,1,76.6,62,83.6,1.033,396,0,287
3C,1,Gujarat,283,168.7,0,0,45.2,7,42.7,0.078,50,0,287
3A,0,Gujarat,88,41.1,0,0,60.3,10,12.7,0.167,23,0,286
3A,0,Uttar Pradesh,65,51.4,1,0,30.3,15,10.3,0.25,25,1,286
3H,4,Maharashtra,70,3.0,1,0,41.9,168,37.8,2.8,319,0,286
3H,4,Karnataka,103,70.3,1,1,73.2,107,35.0,1.783,247,0,285
3A,0,Rajasthan,71,38.7,0,1,62.9,12,11.3,0.2,23,0,285
3D,2,Tamil Nadu,377,117.2,4,2,53.6,138,94.2,1.15,326,1,285
3D,2,Maharashtra,21,5.0,0,0,64.1,61,81.5,0.508,224,0,284
3G,3,Maharashtra,154,24.8,0,1,53.3,73,31.6,0.811,168,0,282
3G,3,Karnataka,127,73.6,1,0,65.6,125,92.6,1.389,403,0,282
3D,2,Maharashtra,13,25.4,1,0,82.9,75,89.6,0.625,254,0,281
3C,1,Maharashtra,216,61.8,0,0,61.1,27,41.1,0.3,68,0,279
3D,2,Andhra Pradesh,76,7.3,1,1,67.3,307,30.2,2.558,367,1,278
3C,1,Uttar Pradesh,106,73.5,1,0,83.2,58,78.8,0.644,137,0,278
3D,2,Tamil Nadu,734,387.7,1,0,65.4,115,65.6,0.958,246,1,277
3G,3,Madhya Pradesh,610,353.3,4,2,31.3,64,77.5,0.711,296,1,276
3C,1,Maharashtra,245,125.3,0,1,87.0,43,85.7,0.478,129,0,276
3D,2,Tamil Nadu,61,3.0,0,0,52.1,100,64.9,0.833,230,0,276
3A,0,Tamil Nadu,380,26.7,0,2,35.7,9,17.7,0.15,27,0,276
3G,3,Gujarat,237,54.8,0,0,59.8,99,70.6,1.1,311,0,275
3C,1,Tamil Nadu,147,97.9,0,0,58.1,22,39.6,0.244,62,0,274
3C,1,Uttar Pradesh,79,29.8,0,1,72.8,64,55.7,0.711,120,0,274
3D,2,Maharashtra,239,84.2,1,3,63.3,230,65.6,1.917,361,1,274
3G,3,Rajasthan,81,45.9,0,2,96.8,44,107.5,0.489,367,0,273
3G,3,Karnataka,223,60.2,3,0,46.3,74,64.6,0.822,268,1,273
3E,5,Uttar Pradesh,151,30.9,2,0,53.7,153,57.5,3.4,440,1,272
3A,0,Andhra Pradesh,48,27.6,5,2,50.2,23,49.4,0.383,72,1,271
3C,1,Karnataka,156,88.7,0,0,64.5,32,56.9,0.356,89,0,271
3A,0,Rajasthan,451,210.1,0,0,69.4,16,22.5,0.267,38,0,271
3C,1,Karnataka,445,121.9,1,0,41.8,58,47.3,0.644,105,1,271
3C,1,Uttar Pradesh,119,67.2,0,0,48.6,25,25.6,0.278,51,0,270
3A,0,Tamil Nadu,93,40.8,1,2,78.4,18,17.1,0.3,35,0,269
3G,3,Tamil Nadu,85,26.7,0,1,73.3,194,14.4,2.156,237,0,269
3D,2,Andhra Pradesh,152,13.8,0,0,72.3,62,56.7,0.517,175,0,269
3D,2,Gujarat,89,25.0,1,0,58.5,58,37.3,0.483,133,0,268
3C,1,Karnataka,154,123.2,1,0,58.5,23,31.4,0.256,54,0,268
3C,1,Maharashtra,749,303.5,1,0,43.4,20,34.8,0.222,55,0,268
3C,1,Tamil Nadu,431,208.6,0,0,33.9,26,54.0,0.289,80,1,266
3G,3,Karnataka,177,120.2,0,0,84.1,63,72.8,0.7,282,0,266
3G,3,Karnataka,97,67.6,2,0,70.0,163,90.1,1.811,433,1,265
3G,3,Madhya Pradesh,156,80.6,1,0,40.0,82,59.6,0.911,261,0,265
3G,3,Rajasthan,298,116.0,3,1,35.0,130,67.1,1.444,331,1,264
3G,3,Maharashtra,128,93.7,1,0,85.9,71,87.8,0.789,334,0,264
3D,2,Rajasthan,158,106.8,0,0,72.3,56,95.0,0.467,246,1,264
3E,5,Maharashtra,187,104.2,1,1,54.8,69,45.5,1.533,296,0,263
3C,1,Karnataka,53,17.0,0,1,56.8,61,62.8,0.678,124,0,262
3H,4,Maharashtra,312,106.7,2,0,53.0,66,63.2,1.1,319,0,261
3C,1,Madhya Pradesh,86,64.5,0,0,43.5,34,50.4,0.378,84,0,259
3C,1,Uttar Pradesh,359,110.4,3,1,68.0,69,85.8,0.767,155,0,259
3C,1,Tamil Nadu,152,90.2,0,1,61.5,119,54.5,1.322,173,1,258
3A,0,Karnataka,1158,738.6,0,0,68.1,12,27.8,0.2,40,0,258
3H,4,Maharashtra,140,9.8,1,3,44.3,153,83.6,2.55,487,1,258
3H,4,Karnataka,357,275.1,1,1,57.1,118,70.0,1.967,398,0,258
3G,3,Rajasthan,155,64.5,2,2,44.6,49,65.4,0.544,245,1,258
3D,2,Rajasthan,36,3.0,1,0,50.2,132,25.6,1.1,183,0,257
3E,5,Uttar Pradesh,196,115.8,0,1,70.7,73,68.8,1.622,417,0,256
3A,0,Uttar Pradesh,77,3.0,0,1,75.8,4,41.0,0.067,45,0,256
3C,1,Uttar Pradesh,113,104.9,0,1,52.8,40,46.6,0.444,87,1,256
3H,4,Rajasthan,186,122.7,2,2,45.4,127,55.3,2.117,348,1,256
3D,2,Maharashtra,101,22.6,0,0,84.6,59,92.1,0.492,243,0,253
3G,3,Tamil Nadu,511,45.4,0,0,65.8,68,43.1,0.756,197,0,252
3D,2,Madhya Pradesh,143,14.7,0,2,53.2,146,17.3,1.217,181,0,252
3G,3,Rajasthan,100,35.9,0,1,38.6,112,27.4,1.244,194,1,251
3D,2,Maharashtra,100,15.6,1,0,50.0,112,65.5,0.933,243,1,251
3H,4,Uttar Pradesh,138,77.1,1,0,38.4,76,38.7,1.267,231,1,250
3D,2,Andhra Pradesh,114,3.0,2,0,40.6,151,48.5,1.258,248,1,250
3E,5,Andhra Pradesh,256,206.3,1,0,95.5,270,39.6,6.0,468,0,249
3D,2,Rajasthan,97,52.8,0,1,68.7,68,52.4,0.567,173,0,248
3A,0,Gujarat,204,92.3,1,0,61.6,38,20.9,0.633,59,0,248
3C,1,Andhra Pradesh,127,63.5,1,3,69.1,50,69.1,0.556,119,0,248
3H,4,Madhya Pradesh,360,192.9,1,0,59.2,130,40.5,2.167,292,1,247
3A,0,Tamil Nadu,458,259.5,1,0,58.8,15,41.0,0.25,56,0,246
3D,2,Maharashtra,395,153.8,3,0,44.7,180,47.4,1.5,275,1,246
3E,5,Madhya Pradesh,247,75.5,0,0,29.6,44,23.8,0.978,163,0,245
3H,4,Maharashtra,170,74.3,3,0,46.8,200,42.3,3.333,369,1,244
3D,2,Uttar Pradesh,87,61.1,1,2,69.6,95,74.6,0.792,244,0,243
3G,3,Uttar Pradesh,108,77.0,2,1,83.5,168,59.2,1.867,346,0,243
3G,3,Gujarat,50,39.9,0,0,72.6,64,58.1,0.711,238,0,243
3A,0,Rajasthan,256,72.5,1,0,87.6,29,17.6,0.483,47,0,243
3G,3,Tamil Nadu,382,192.4,1,0,80.1,197,60.6,2.189,379,0,242
3H,4,Gujarat,55,26.3,0,0,70.7,55,63.4,0.917,309,0,242
3G,3,Gujarat,143,3.0,3,2,41.6,65,118.9,0.722,422,1,242
3D,2,Madhya Pradesh,246,134.1,0,2,89.0,201,58.8,1.675,319,0,242
3G,3,Andhra Pradesh,159,60.2,0,0,76.4,101,69.6,1.122,310,0,240
3G,3,Gujarat,686,459.2,0,0,59.9,58,42.1,0.644,184,0,239
3H,4,Rajasthan,268,103.6,0,0,64.1,113,37.3,1.883,262,0,239
3A,0,Andhra Pradesh,47,15.4,0,0,50.7,12,14.6,0.2,27,0,239
3D,2,Uttar Pradesh,56,34.8,0,1,58.6,38,57.6,0.317,153,0,238
3D,2,Karnataka,452,262.9,2,1,43.6,81,47.6,0.675,176,1,237
3H,4,Tamil Nadu,217,135.0,1,0,44.2,85,46.9,1.417,273,1,237
3E,5,Gujarat,183,44.6,2,1,34.2,55,38.5,1.222,247,1,237
3H,4,Maharashtra,101,56.6,0,1,38.3,99,39.0,1.65,255,1,236
3A,0,Karnataka,196,82.3,0,0,45.8,24,13.4,0.4,37,1,235
3A,0,Madhya Pradesh,105,41.3,2,0,65.6,43,30.5,0.717,74,1,234
3C,1,Madhya Pradesh,206,67.9,1,0,67.5,75,109.6,0.833,185,1,234
3C,1,Maharashtra,35,3.0,0,0,44.3,24,21.9,0.267,46,0,233
3D,2,Tamil Nadu,92,63.8,0,1,46.6,57,33.9,0.475,125,0,233
3H,4,Karnataka,79,49.4,0,0,85.2,148,32.3,2.467,277,0,232
3H,4,Tamil Nadu,264,222.7,2,1,56.7,62,87.6,1.033,412,1,231
3H,4,Karnataka,57,18.2,2,0,27.6,57,37.6,0.95,207,1,231
3D,2,Maharashtra,66,47.4,1,0,56.9,85,92.7,0.708,270,1,231
3H,4,Karnataka,225,83.0,0,1,46.5,21,57.5,0.35,251,0,231
3A,0,Madhya Pradesh,130,59.2,2,1,41.3,33,21.3,0.55,54,1,230
3G,3,Gujarat,247,73.0,3,4,52.3,159,98.1,1.767,453,1,230
3D,2,Tamil Nadu,68,40.0,1,0,79.2,194,5.2,1.617,204,0,229
3E,5,Andhra Pradesh,28,8.8,0,0,66.0,150,24.4,3.333,272,0,228
3H,4,Uttar Pradesh,39,11.5,1,0,70.4,198,16.7,3.3,265,0,227
3G,3,Karnataka,117,52.6,2,0,47.4,49,66.6,0.544,249,0,225
3D,2,Maharashtra,209,70.2,1,1,64.0,240,22.7,2.0,285,0,224
3G,3,Uttar Pradesh,13,3.0,0,0,46.2,162,3.9,1.8,174,0,224
3D,2,Rajasthan,70,43.9,2,0,41.3,114,25.1,0.95,164,0,224
3G,3,Andhra Pradesh,247,171.8,1,0,53.2,118,60.9,1.311,301,1,223
3E,5,Andhra Pradesh,206,90.5,0,0,40.5,66,28.5,1.467,208,0,223
3A,0,Tamil Nadu,226,72.7,1,1,83.2,27,20.0,0.45,47,0,223
3C,1,Maharashtra,109,60.7,1,2,65.9,72,30.0,0.8,102,0,223
3E,5,Uttar Pradesh,90,21.1,1,1,58.3,8,31.7,0.178,166,0,222
3H,4,Gujarat,463,78.9,0,0,70.6,112,45.3,1.867,293,0,222
3D,2,Karnataka,110,49.6,0,2,49.9,95,20.1,0.792,135,0,222
3C,1,Gujarat,627,74.6,0,0,67.5,59,72.2,0.656,131,0,221
3G,3,Maharashtra,93,52.6,0,0,38.8,70,21.9,0.778,136,0,220
3D,2,Gujarat,1188,883.4,2,2,38.3,39,89.5,0.325,218,1,219
3D,2,Gujarat,224,74.9,0,2,43.8,102,57.0,0.85,216,0,219
3D,2,Rajasthan,137,50.1,0,2,42.6,20,31.0,0.167,82,0,218
3D,2,Tamil Nadu,124,35.5,2,0,45.4,167,78.4,1.392,324,1,218
3D,2,Uttar Pradesh,79,68.2,0,1,74.6,150,73.2,1.25,296,0,217
3D,2,Gujarat,182,66.0,4,2,29.6,117,46.6,0.975,210,1,217
3C,1,Andhra Pradesh,108,39.0,1,1,81.7,47,60.2,0.522,107,0,217
3C,1,Rajasthan,114,61.9,1,0,63.9,58,90.1,0.644,148,0,217
3D,2,Gujarat,149,60.7,1,0,61.7,82,91.3,0.683,265,0,216
3E,5,Maharashtra,113,53.6,1,1,64.8,325,37.8,7.222,514,1,216
3C,1,Karnataka,317,227.4,2,0,64.9,89,59.4,0.989,148,1,216
3A,0,Maharashtra,184,80.2,2,0,44.3,18,25.4,0.3,43,1,215
3G,3,Madhya Pradesh,47,14.4,2,1,57.1,197,51.7,2.189,352,0,214
3D,2,Rajasthan,262,36.5,4,0,58.7,80,140.8,0.667,362,1,213
3H,4,Karnataka,108,10.9,1,0,49.5,27,42.3,0.45,196,0,213
3D,2,Andhra Pradesh,205,63.0,1,0,40.6,76,14.2,0.633,104,0,213
3D,2,Andhra Pradesh,192,121.5,2,0,91.7,65,97.0,0.542,259,0,212
3C,1,Andhra Pradesh,136,24.5,2,0,45.3,21,44.7,0.233,66,0,212
3D,2,Tamil Nadu,74,42.4,1,0,50.9,96,22.3,0.8,141,0,210
3D,2,Madhya Pradesh,201,98.0,0,0,66.1,12,69.5,0.1,151,0,210
3H,4,Maharashtra,799,385.9,5,1,52.0,114,115.9,1.9,578,1,209
3D,2,Maharashtra,98,45.9,1,1,51.4,43,19.2,0.358,81,0,209
3H,4,Maharashtra,747,615.9,3,3,36.6,96,77.1,1.6,405,1,209
3C,1,Rajasthan,194,96.7,1,0,54.2,7,106.9,0.078,114,0,208
3D,2,Tamil Nadu,94,60.7,2,0,73.4,100,112.1,0.833,324,0,208
3E,5,Rajasthan,221,64.4,3,1,66.2,403,37.1,8.956,589,1,207
3H,4,Karnataka,148,59.3,1,0,41.3,21,26.1,0.35,126,0,206
3G,3,Madhya Pradesh,264,135.2,1,0,38.7,50,62.2,0.556,237,1,205
3C,1,Gujarat,43,44.8,0,0,54.3,5,93.4,0.056,98,0,205
3A,0,Andhra Pradesh,78,43.1,1,0,61.7,24,17.3,0.4,41,0,205
3A,0,Andhra Pradesh,130,66.8,2,2,45.1,33,37.6,0.55,71,1,204
3D,2,Madhya Pradesh,114,30.1,0,1,84.4,163,33.1,1.358,229,0,204
3C,1,Karnataka,212,69.6,1,0,66.5,70,63.7,0.778,134,0,203
3G,3,Gujarat,148,70.6,0,0,63.1,79,34.3,0.878,182,0,203
3D,2,Andhra Pradesh,530,206.6,3,0,52.5,129,84.8,1.075,299,1,203
3A,0,Gujarat,133,58.2,3,1,51.6,18,58.5,0.3,77,1,203
3A,0,Karnataka,92,44.5,0,0,82.2,10,40.3,0.167,50,0,202
3A,0,Rajasthan,120,32.4,2,3,44.9,10,57.6,0.167,68,1,202
3A,0,Andhra Pradesh,113,83.4,2,2,51.4,41,19.2,0.683,60,0,202
3E,5,Karnataka,60,59.1,0,0,59.2,34,46.2,0.756,265,0,202
3E,5,Uttar Pradesh,139,78.3,2,0,89.0,198,65.3,4.4,525,0,202
3C,1,Karnataka,187,88.3,0,0,85.9,38,87.6,0.422,126,0,202
3A,0,Karnataka,436,18.9,2,1,60.4,43,31.6,0.717,75,1,202
3E,5,Rajasthan,256,21.1,0,0,43.7,148,13.0,3.289,213,0,200
3D,2,Tamil Nadu,140,47.7,1,0,78.5,59,54.0,0.492,167,0,200
3H,4,Karnataka,290,57.3,1,1,54.2,191,12.8,3.183,242,0,198
3D,2,Maharashtra,312,266.4,1,1,50.8,109,15.0,0.908,139,0,198
3H,4,Andhra Pradesh,63,42.5,2,0,69.5,163,62.9,2.717,415,0,197
3D,2,Tamil Nadu,431,144.0,1,0,78.2,55,70.3,0.458,196,0,197
3A,0,Karnataka,363,100.6,1,0,45.5,3,28.6,0.05,32,0,197
3D,2,Madhya Pradesh,254,32.5,0,2,85.8,142,54.0,1.183,250,0,197
3H,4,Gujarat,110,26.2,1,0,41.6,18,36.4,0.3,164,0,195
3D,2,Tamil Nadu,116,109.0,1,2,83.4,51,104.1,0.425,259,0,195
3C,1,Tamil Nadu,321,125.4,2,1,49.4,92,95.9,1.022,188,1,195
3G,3,Gujarat,142,86.0,0,0,42.1,76,48.7,0.844,222,1,194
3A,0,Madhya Pradesh,182,82.5,0,2,85.7,15,39.9,0.25,55,0,194
3E,5,Rajasthan,894,231.3,0,1,30.9,75,72.4,1.667,437,1,193
3D,2,Maharashtra,115,58.8,2,0,29.0,101,49.7,0.842,200,1,193
3E,5,Gujarat,36,32.8,0,0,56.8,22,37.6,0.489,210,0,193
3A,0,Uttar Pradesh,107,60.3,1,2,75.4,21,32.5,0.35,54,0,191
3E,5,Rajasthan,119,80.7,3,0,47.2,357,29.5,7.933,505,1,191
3E,5,Andhra Pradesh,72,55.5,0,0,79.2,148,50.9,3.289,402,0,191
3A,0,Rajasthan,54,42.9,1,1,39.3,34,10.3,0.567,44,1,190
3A,0,Andhra Pradesh,402,148.0,3,2,19.9,30,23.7,0.5,54,1,189
3E,5,Uttar Pradesh,460,29.6,0,0,41.1,65,27.0,1.444,200,0,188
3A,0,Karnataka,382,212.1,1,1,54.8,40,21.9,0.667,62,1,188
3H,4,Gujarat,107,43.8,1,1,73.1,167,69.0,2.783,443,0,188
3E,5,Rajasthan,525,203.9,0,0,59.4,170,21.1,3.778,276,0,187
3E,5,Karnataka,34,13.4,0,0,64.9,122,45.1,2.711,347,0,187
3C,1,Andhra Pradesh,73,15.0,2,0,38.2,19,66.8,0.211,86,1,187
3A,0,Maharashtra,108,107.5,0,1,55.0,2,19.4,0.033,21,0,186
3G,3,Rajasthan,154,15.6,0,0,52.5,197,33.2,2.189,297,1,186
3G,3,Madhya Pradesh,390,197.8,0,1,71.9,256,12.4,2.844,293,0,184
3D,2,Madhya Pradesh,153,60.6,1,0,48.1,35,83.0,0.292,201,0,184
3D,2,Tamil Nadu,708,60.8,1,0,44.5,26,35.7,0.217,97,0,184
3E,5,Andhra Pradesh,121,92.1,2,0,20.8,89,60.4,1.978,391,1,184
3G,3,Uttar Pradesh,288,221.6,2,0,62.7,165,72.4,1.833,382,0,184
3G,3,Rajasthan,95,42.9,0,1,76.3,128,72.2,1.422,345,0,183
3E,5,Tamil Nadu,246,122.4,0,1,66.8,121,40.8,2.689,325,0,183
3G,3,Uttar Pradesh,81,50.1,3,2,81.0,53,122.7,0.589,421,0,183
3C,1,Karnataka,189,62.0,1,0,61.1,16,79.5,0.178,95,0,183
3G,3,Tamil Nadu,573,326.7,0,0,57.2,141,14.9,1.567,186,0,183
3G,3,Madhya Pradesh,78,78.9,0,0,89.8,36,91.7,0.4,311,0,183
3G,3,Tamil Nadu,132,47.5,1,0,50.4,73,19.1,0.811,130,0,181
3D,2,Maharashtra,345,168.9,2,0,79.8,49,95.2,0.408,239,0,180
3D,2,Gujarat,100,23.0,2,1,68.6,61,108.5,0.508,278,0,180
3G,3,Gujarat,186,101.0,2,0,42.7,158,27.5,1.756,240,1,180
3C,1,Uttar Pradesh,28,3.0,0,0,47.1,24,60.9,0.267,85,0,180
3G,3,Karnataka,47,11.1,0,0,75.9,86,70.3,0.956,297,0,180
3C,1,Uttar Pradesh,291,104.3,1,0,61.1,55,45.5,0.611,101,0,180
3A,0,Andhra Pradesh,521,242.3,0,2,40.6,25,23.5,0.417,49,1,179
3D,2,Andhra Pradesh,23,5.7,1,0,57.0,130,91.0,1.083,312,1,179
3G,3,Karnataka,140,83.0,1,1,88.7,218,44.2,2.422,351,0,179
3D,2,Madhya Pradesh,155,82.1,3,0,29.0,131,20.2,1.092,171,1,178
3D,2,Karnataka,113,3.0,2,1,61.4,149,26.1,1.242,201,0,178
3D,2,Madhya Pradesh,167,119.5,4,2,0.0,87,90.9,0.725,269,1,177
3D,2,Rajasthan,238,173.7,0,1,73.1,135,56.9,1.125,249,0,176
3C,1,Tamil Nadu,811,266.0,0,0,71.1,20,92.9,0.222,113,0,176
3C,1,Madhya Pradesh,438,276.0,0,1,49.5,41,37.7,0.456,79,0,175
3H,4,Gujarat,35,14.1,0,1,77.2,111,50.2,1.85,312,0,175
3H,4,Andhra Pradesh,413,66.9,0,1,37.9,118,26.5,1.967,224,0,173
3D,2,Tamil Nadu,550,188.5,0,0,67.3,53,69.1,0.442,191,0,173
3D,2,Rajasthan,280,87.2,1,0,67.9,196,51.2,1.633,298,1,172
3A,0,Rajasthan,81,17.7,1,0,70.4,34,34.1,0.567,68,0,171
3C,1,Karnataka,43,14.2,0,0,91.0,33,98.0,0.367,131,0,171
3E,5,Gujarat,74,38.9,3,0,69.9,416,35.0,9.244,591,1,171
3C,1,Rajasthan,165,70.4,2,0,46.8,38,50.0,0.422,88,1,170
3H,4,Karnataka,260,108.9,2,0,47.3,222,18.8,3.7,297,1,170
3G,3,Andhra Pradesh,190,30.6,2,0,59.9,23,91.3,0.256,297,1,170
3E,5,Maharashtra,16,4.6,0,0,76.9,119,53.7,2.644,388,0,170
3H,4,Tamil Nadu,1236,374.2,1,0,83.1,17,82.3,0.283,346,0,168
3H,4,Uttar Pradesh,731,490.0,2,0,67.4,189,55.2,3.15,410,0,168
3A,0,Rajasthan,93,3.0,1,0,55.8,33,12.1,0.55,45,0,168
3C,1,Rajasthan,578,428.0,0,0,52.9,18,38.7,0.2,57,0,167
3D,2,Gujarat,92,48.9,0,0,39.4,21,42.8,0.175,107,0,167
3G,3,Uttar Pradesh,62,43.7,0,0,53.0,26,50.5,0.289,178,0,166
3D,2,Gujarat,49,43.2,1,1,80.8,49,77.5,0.408,204,0,166
3D,2,Tamil Nadu,48,5.8,0,0,94.6,203,30.8,1.692,265,0,166
3H,4,Gujarat,131,21.2,0,1,68.7,190,53.4,3.167,404,0,165
3G,3,Uttar Pradesh,177,49.8,2,0,66.0,89,107.5,0.989,412,1,165
3D,2,Tamil Nadu,557,243.1,3,1,41.2,225,39.6,1.875,304,1,164
3A,0,Madhya Pradesh,178,98.1,3,0,38.3,23,26.1,0.383,49,1,163
3E,5,Gujarat,133,9.5,3,2,26.2,33,45.3,0.733,259,1,163
3G,3,Karnataka,103,30.1,1,1,50.6,77,15.2,0.856,123,0,162
3A,0,Maharashtra,44,3.0,1,0,67.9,17,47.0,0.283,64,0,162
3A,0,Gujarat,256,107.0,1,1,82.0,40,25.5,0.667,65,1,162
3D,2,Tamil Nadu,68,36.9,0,3,51.1,29,22.3,0.242,74,0,161
3H,4,Rajasthan,69,42.6,0,0,49.3,157,12.5,2.617,207,0,161
3A,0,Gujarat,2111,900.0,2,0,60.9,25,29.6,0.417,55,0,160
3C,1,Rajasthan,190,41.7,0,1,77.4,26,120.2,0.289,146,0,160
3D,2,Maharashtra,54,11.4,1,0,77.0,79,40.5,0.658,160,0,159
3D,2,Uttar Pradesh,111,34.9,0,1,79.4,70,70.3,0.583,211,0,158
3G,3,Karnataka,606,419.1,0,1,93.6,157,53.8,1.744,318,0,158
3C,1,Maharashtra,215,60.9,1,0,36.5,31,47.4,0.344,78,1,158
3A,0,Maharashtra,70,3.0,0,0,45.6,16,26.5,0.267,43,0,157
3G,3,Madhya Pradesh,74,14.8,0,0,93.2,105,70.0,1.167,315,0,157
3G,3,Karnataka,46,36.3,0,1,50.3,17,51.0,0.189,170,1,156
3A,0,Andhra Pradesh,129,43.5,0,0,45.5,11,5.5,0.183,17,0,156
3G,3,Maharashtra,265,73.0,1,0,60.1,74,71.8,0.822,289,0,156
3G,3,Rajasthan,1369,571.8,0,1,82.8,159,51.0,1.767,312,0,156
3A,0,Andhra Pradesh,187,103.9,2,0,68.1,20,47.2,0.333,67,1,156
3C,1,Madhya Pradesh,244,128.0,1,0,60.0,63,21.5,0.7,85,0,155
3A,0,Andhra Pradesh,136,97.9,0,1,66.6,3,21.1,0.05,24,0,155
3E,5,Madhya Pradesh,165,58.7,1,1,58.3,388,29.4,8.622,535,1,154
3A,0,Andhra Pradesh,844,644.5,0,1,40.0,11,17.7,0.183,29,0,154
3A,0,Maharashtra,36,3.0,1,1,78.8,21,31.4,0.35,52,0,153
3H,4,Rajasthan,177,122.1,0,0,67.6,176,52.0,2.933,384,0,153
3A,0,Gujarat,262,158.2,1,2,65.7,39,16.7,0.65,56,0,152
3D,2,Rajasthan,103,65.4,0,0,41.6,38,38.6,0.317,115,0,152
3H,4,Maharashtra,56,61.3,0,0,93.3,153,49.2,2.55,350,0,152
3G,3,Andhra Pradesh,128,80.3,1,1,42.9,91,53.9,1.011,253,1,151
3A,0,Uttar Pradesh,334,170.0,1,0,73.3,68,9.6,1.133,78,0,151
3A,0,Maharashtra,31,20.0,0,0,82.7,32,26.7,0.533,59,0,150
3D,2,Rajasthan,780,282.0,0,0,34.0,70,59.6,0.583,189,1,150
3G,3,Maharashtra,85,29.6,2,0,61.3,174,102.3,1.933,481,1,149
3G,3,Rajasthan,246,105.3,0,0,84.4,147,56.1,1.633,315,0,149
3D,2,Karnataka,185,58.6,1,1,65.9,169,49.1,1.408,267,1,148
3A,0,Gujarat,15,3.0,1,0,42.6,12,18.5,0.2,31,1,148
3A,0,Uttar Pradesh,185,119.9,1,1,49.9,13,30.8,0.217,44,1,148
3D,2,Gujarat,26,10.0,1,1,60.1,27,68.2,0.225,163,0,148
3E,5,Uttar Pradesh,51,20.3,1,0,94.9,232,64.3,5.156,554,0,148
3D,2,Tamil Nadu,209,68.7,2,1,68.5,57,144.5,0.475,346,1,148
3G,3,Tamil Nadu,39,29.2,1,0,43.4,53,30.1,0.589,143,0,147
3H,4,Maharashtra,51,4.2,1,0,33.2,85,19.0,1.417,161,1,147
3G,3,Rajasthan,174,52.3,0,0,55.5,174,21.5,1.933,239,1,147
3E,5,Uttar Pradesh,72,3.0,0,0,41.7,74,18.4,1.644,166,0,146
3H,4,Karnataka,193,81.7,0,0,54.9,123,6.4,2.05,148,0,146
3A,0,Madhya Pradesh,227,64.6,0,0,39.1,23,3.6,0.383,27,0,144
3A,0,Rajasthan,347,130.7,1,0,44.3,18,11.8,0.3,30,0,143
3D,2,Madhya Pradesh,30,31.1,0,0,68.6,152,26.0,1.267,204,0,143
3D,2,Rajasthan,100,50.3,0,1,75.7,80,83.0,0.667,246,0,142
3E,5,Karnataka,203,115.6,3,0,51.3,277,45.0,6.156,502,1,141
3A,0,Tamil Nadu,470,322.2,0,1,71.5,11,25.1,0.183,36,0,141
3E,5,Andhra Pradesh,258,100.8,0,0,36.0,106,13.9,2.356,175,1,141
3E,5,Tamil Nadu,289,89.8,1,0,59.3,219,8.7,4.867,263,0,140
3G,3,Madhya Pradesh,712,78.8,5,1,30.4,122,66.4,1.356,321,1,140
3D,2,Rajasthan,371,114.7,1,0,75.7,72,106.8,0.6,286,0,140
3C,1,Maharashtra,157,65.5,3,1,55.0,58,92.1,0.644,150,1,139
3D,2,Karnataka,343,71.2,5,2,38.4,113,123.2,0.942,359,1,138
3H,4,Andhra Pradesh,311,270.9,1,3,72.9,148,106.6,2.467,574,1,138
3D,2,Uttar Pradesh,94,38.8,0,1,95.5,171,55.5,1.425,282,0,138
3G,3,Madhya Pradesh,131,73.3,1,2,83.0,178,69.3,1.978,386,0,137
3D,2,Andhra Pradesh,122,56.8,1,0,36.4,127,16.1,1.058,159,1,136
3A,0,Madhya Pradesh,367,196.2,0,0,73.2,10,14.2,0.167,24,0,136
3A,0,Madhya Pradesh,111,40.2,1,0,43.8,14,18.6,0.233,33,1,136
3G,3,Andhra Pradesh,194,90.0,1,0,36.9,119,24.1,1.322,191,1,136
3C,1,Madhya Pradesh,258,118.2,1,0,49.2,21,141.9,0.233,163,1,133
3G,3,Uttar Pradesh,37,5.1,1,0,86.0,144,48.8,1.6,290,0,133
3E,5,Madhya Pradesh,259,62.2,0,3,73.1,230,34.6,5.111,403,0,132
3D,2,Gujarat,100,16.0,1,1,81.1,58,117.5,0.483,293,0,132
3G,3,Karnataka,75,49.5,0,0,51.9,195,49.6,2.167,344,1,132
3E,5,Gujarat,243,89.4,1,1,81.8,269,32.2,5.978,430,0,132
3G,3,Gujarat,771,214.8,0,0,52.8,86,29.8,0.956,175,0,131
3D,2,Rajasthan,68,34.3,0,0,91.3,72,77.5,0.6,227,0,131
3G,3,Maharashtra,261,160.7,0,0,49.1,19,27.8,0.211,102,0,131
3D,2,Tamil Nadu,146,103.5,0,0,49.0,28,42.7,0.233,113,1,131
3D,2,Maharashtra,31,8.3,0,0,55.2,84,21.5,0.7,127,0,130
3C,1,Madhya Pradesh,228,91.7,0,0,57.6,34,55.1,0.378,89,0,130
3D,2,Uttar Pradesh,97,67.9,1,0,74.1,204,63.8,1.7,332,1,128
3C,1,Gujarat,1345,824.9,3,1,64.5,67,98.1,0.744,165,0,128
3D,2,Tamil Nadu,32,10.3,1,0,52.9,164,32.2,1.367,228,1,127
3D,2,Maharashtra,190,177.2,0,0,77.8,50,71.1,0.417,192,0,126
3D,2,Tamil Nadu,129,69.8,2,1,56.6,64,100.8,0.533,266,1,125
3C,1,Maharashtra,41,3.0,1,0,82.3,108,24.7,1.2,133,0,125
3A,0,Madhya Pradesh,604,321.9,2,1,48.2,26,23.4,0.433,49,1,124
3G,3,Uttar Pradesh,448,284.0,1,1,71.9,207,57.1,2.3,378,0,123
3G,3,Gujarat,319,81.7,0,1,77.3,122,39.1,1.356,239,0,123
3D,2,Rajasthan,175,56.7,0,1,54.2,30,37.2,0.25,104,0,121
3D,2,Karnataka,72,38.7,2,1,75.5,90,124.8,0.75,340,1,121
3E,5,Uttar Pradesh,329,75.2,1,1,58.8,213,37.4,4.733,400,1,121
3A,0,Karnataka,48,19.4,1,0,60.0,16,34.1,0.267,50,0,121
3E,5,Maharashtra,180,93.4,0,0,52.7,55,21.6,1.222,163,0,120
3C,1,Gujarat,72,34.3,1,0,51.0,75,78.2,0.833,153,1,120
3C,1,Madhya Pradesh,257,101.1,1,0,34.8,40,14.9,0.444,55,0,119
3H,4,Gujarat,14,3.0,0,2,47.9,62,42.2,1.033,231,0,119
3A,0,Maharashtra,74,3.0,2,1,66.1,37,39.0,0.617,76,0,119
3D,2,Tamil Nadu,169,120.6,1,1,56.1,16,149.1,0.133,314,1,119
3A,0,Uttar Pradesh,171,84.3,0,1,71.8,16,52.4,0.267,68,1,118
3C,1,Maharashtra,163,72.7,1,0,40.1,21,53.8,0.233,75,1,118
3E,5,Gujarat,374,135.9,0,1,56.4,95,12.4,2.111,157,0,118
3D,2,Madhya Pradesh,402,205.8,3,1,57.4,140,68.2,1.167,276,1,118
3D,2,Madhya Pradesh,93,43.0,2,0,42.7,114,102.9,0.95,320,1,117
3C,1,Andhra Pradesh,51,3.0,0,2,36.9,11,80.4,0.122,91,1,117
3A,0,Maharashtra,99,45.2,4,0,49.1,48,16.2,0.8,64,1,117
3A,0,Karnataka,142,72.7,1,0,41.0,14,20.3,0.233,34,0,117
3C,1,Gujarat,89,9.9,0,0,77.9,58,69.3,0.644,127,0,116
3A,0,Madhya Pradesh,111,66.7,1,0,44.7,13,11.4,0.217,24,0,116
3A,0,Maharashtra,94,59.9,2,1,64.8,29,10.0,0.483,39,1,115
3D,2,Tamil Nadu,659,267.2,2,2,71.8,145,79.6,1.208,304,1,115
3G,3,Rajasthan,45,3.0,2,0,31.5,246,23.5,2.733,316,1,115
3D,2,Uttar Pradesh,106,19.4,2,1,66.5,145,100.4,1.208,346,1,114
3E,5,Karnataka,123,13.1,0,0,63.6,40,34.5,0.889,212,0,113
3D,2,Maharashtra,129,75.9,1,0,41.3,105,19.6,0.875,144,1,113
3G,3,Rajasthan,456,322.9,2,1,38.7,104,17.8,1.156,158,1,113
3A,0,Karnataka,127,65.5,0,1,60.1,6,24.3,0.1,30,0,112
3C,1,Madhya Pradesh,143,14.9,1,1,33.8,84,30.5,0.933,115,1,111
3A,0,Maharashtra,71,58.1,0,0,69.9,10,31.7,0.167,42,0,111
3D,2,Andhra Pradesh,104,7.8,1,1,73.4,114,52.6,0.95,219,0,111
3G,3,Maharashtra,107,75.8,1,1,83.6,114,59.2,1.267,292,0,110
3A,0,Uttar Pradesh,79,62.6,3,0,33.2,11,24.7,0.183,36,1,110
3D,2,Gujarat,171,100.6,0,1,34.9,30,45.7,0.25,121,1,110
3D,2,Tamil Nadu,160,107.0,0,0,79.9,51,75.6,0.425,202,0,109
3C,1,Gujarat,65,21.4,1,0,32.3,44,18.2,0.489,62,0,109
3C,1,Karnataka,329,65.9,2,2,71.2,144,25.1,1.6,169,0,109
3D,2,Maharashtra,121,54.8,0,0,65.3,119,92.6,0.992,304,0,108
3C,1,Madhya Pradesh,166,117.6,2,0,29.4,33,35.0,0.367,68,1,108
3C,1,Madhya Pradesh,106,20.8,2,0,68.9,129,48.7,1.433,178,1,107
3C,1,Uttar Pradesh,91,27.2,0,0,48.3,38,36.8,0.422,75,1,106
3D,2,Andhra Pradesh,256,65.5,0,0,51.3,14,36.1,0.117,86,0,106
3G,3,Rajasthan,109,35.1,0,1,49.2,138,40.4,1.533,259,1,105
3D,2,Rajasthan,56,23.3,1,0,79.3,133,27.7,1.108,188,0,105
3A,0,Tamil Nadu,50,14.5,0,0,95.9,23,32.8,0.383,56,0,105
3A,0,Andhra Pradesh,119,30.0,1,0,74.8,14,50.5,0.233,65,0,104
3E,5,Andhra Pradesh,180,53.4,0,1,53.0,274,9.6,6.089,322,0,103
3G,3,Karnataka,131,54.9,1,1,63.6,157,57.3,1.744,329,1,102
3H,4,Maharashtra,96,42.5,0,1,54.2,67,23.6,1.117,161,0,102
3G,3,Uttar Pradesh,35,15.0,3,0,77.6,197,93.2,2.189,477,1,102
3E,5,Uttar Pradesh,118,29.2,2,1,66.9,196,45.4,4.356,423,1,102
3G,3,Gujarat,302,104.4,1,0,41.0,85,13.5,0.944,125,0,102
3H,4,Gujarat,95,32.0,0,0,58.8,33,24.7,0.55,132,0,102
3C,1,Uttar Pradesh,225,38.2,1,1,41.3,76,92.9,0.844,169,1,101
3A,0,Rajasthan,157,33.1,0,0,28.7,14,19.9,0.233,34,1,101
3A,0,Gujarat,262,157.4,0,0,56.4,18,16.8,0.3,35,0,101
3D,2,Andhra Pradesh,285,189.5,1,0,59.7,187,39.4,1.558,266,1,101
3G,3,Madhya Pradesh,768,266.8,0,0,90.5,254,22.7,2.822,322,0,100
3C,1,Madhya Pradesh,95,33.6,0,0,33.4,18,43.8,0.2,62,0,99
3A,0,Maharashtra,385,214.7,0,0,48.9,16,5.7,0.267,22,0,99
3G,3,Maharashtra,352,124.4,1,2,67.8,200,25.4,2.222,276,0,99
3H,4,Karnataka,158,107.2,3,0,68.6,358,37.6,5.967,509,0,99
3C,1,Maharashtra,187,120.3,3,4,47.9,37,78.1,0.411,115,1,96
3G,3,Andhra Pradesh,110,102.1,0,0,66.0,76,20.1,0.844,136,0,95
3C,1,Gujarat,189,142.2,1,1,75.0,79,109.0,0.878,188,0,94
3G,3,Maharashtra,20,33.4,0,0,71.3,133,101.1,1.478,436,1,93
3A,0,Tamil Nadu,207,66.6,1,0,36.9,15,14.0,0.25,29,1,93
3D,2,Gujarat,62,52.0,2,1,40.2,147,23.7,1.225,194,1,92
3E,5,Maharashtra,43,23.9,2,0,48.6,204,19.9,4.533,304,0,91
3D,2,Karnataka,249,26.7,1,1,40.9,53,122.6,0.442,298,0,89
3C,1,Rajasthan,404,61.3,4,4,58.7,134,70.0,1.489,204,1,88
3D,2,Gujarat,189,62.1,2,1,51.2,26,80.9,0.217,188,1,87
3D,2,Uttar Pradesh,39,20.2,2,0,50.0,149,31.5,1.242,212,1,87
3A,0,Rajasthan,53,44.5,0,0,49.5,13,5.3,0.217,18,0,86
3C,1,Uttar Pradesh,49,25.1,1,1,76.1,68,44.1,0.756,112,0,86
3D,2,Maharashtra,217,40.6,1,0,74.0,30,148.1,0.25,326,1,86
3A,0,Maharashtra,270,143.2,3,1,26.8,42,29.1,0.7,71,1,86
3H,4,Karnataka,53,26.6,2,0,55.5,170,94.5,2.833,548,1,85
3D,2,Andhra Pradesh,28,8.9,0,0,89.2,79,75.1,0.658,229,0,84
3G,3,Gujarat,160,102.2,2,1,72.1,194,56.2,2.156,363,0,83
3D,2,Tamil Nadu,125,60.7,0,0,43.3,19,42.4,0.158,104,0,83
3C,1,Uttar Pradesh,111,59.8,2,1,33.1,62,27.7,0.689,90,1,82
3G,3,Maharashtra,464,204.2,1,0,78.7,72,80.3,0.8,313,0,82
3G,3,Rajasthan,80,36.0,0,1,50.4,140,14.3,1.556,183,0,81
3A,0,Gujarat,118,18.4,2,0,57.1,8,57.8,0.133,66,1,81
3A,0,Gujarat,181,72.4,1,0,52.0,25,8.8,0.417,34,0,80
3G,3,Madhya Pradesh,146,77.3,0,0,98.0,130,76.0,1.444,358,0,80
3C,1,Rajasthan,531,117.5,2,0,56.6,50,78.9,0.556,129,1,80
3D,2,Gujarat,117,3.0,1,0,60.4,76,53.6,0.633,183,0,78
3G,3,Andhra Pradesh,109,60.8,2,0,48.5,169,33.4,1.878,269,1,78
3E,5,Rajasthan,112,55.7,0,0,87.9,215,38.8,4.778,409,0,77
3G,3,Karnataka,374,204.0,0,1,74.2,155,72.6,1.722,373,0,77
3D,2,Gujarat,264,163.0,1,0,53.2,55,21.3,0.458,98,0,77
3C,1,Rajasthan,26,23.7,1,1,46.8,9,94.9,0.1,104,0,77
3A,0,Uttar Pradesh,426,205.6,0,0,40.9,23,23.2,0.383,46,1,76
3A,0,Rajasthan,38,15.0,1,0,68.7,48,18.9,0.8,67,1,76
3C,1,Gujarat,128,32.6,0,0,43.7,21,34.1,0.233,55,0,75
3H,4,Karnataka,579,197.1,1,0,82.9,290,20.6,4.833,372,0,75
3C,1,Andhra Pradesh,75,3.0,0,0,46.6,25,25.5,0.278,51,0,75
3H,4,Andhra Pradesh,307,140.9,0,0,79.4,111,37.8,1.85,262,0,74
3A,0,Gujarat,97,63.7,0,4,70.4,23,32.2,0.383,55,0,73
3G,3,Gujarat,229,37.3,1,1,79.1,214,30.0,2.378,304,0,73
3G,3,Rajasthan,510,220.6,2,0,44.9,77,45.1,0.856,212,0,72
3D,2,Maharashtra,250,177.6,0,0,81.1,12,110.6,0.1,233,0,72
3H,4,Rajasthan,1056,502.3,1,1,66.6,56,109.5,0.933,494,0,72
3H,4,Rajasthan,82,35.2,0,0,59.8,44,18.2,0.733,117,0,68
3C,1,Andhra Pradesh,152,80.0,0,1,79.1,90,55.2,1.0,145,0,68
3A,0,Maharashtra,173,98.3,2,0,61.0,10,50.7,0.167,61,0,68
3C,1,Andhra Pradesh,52,38.8,0,0,54.2,33,21.0,0.367,54,0,68
3D,2,Rajasthan,186,151.0,0,0,59.0,86,74.2,0.717,234,0,68
3D,2,Gujarat,51,42.9,0,0,52.5,77,88.2,0.642,253,0,68
3D,2,Gujarat,331,159.0,1,1,72.2,13,118.9,0.108,251,0,67
3A,0,Uttar Pradesh,117,27.1,0,0,34.6,19,10.4,0.317,29,1,66
3D,2,Madhya Pradesh,212,59.4,2,1,50.7,75,70.0,0.625,215,1,65
3G,3,Gujarat,72,14.2,1,0,67.3,140,56.6,1.556,310,0,65
3G,3,Karnataka,77,48.9,1,2,67.6,135,66.0,1.5,333,1,64
3E,5,Uttar Pradesh,115,74.9,0,0,48.3,78,49.0,1.733,323,1,64
3G,3,Andhra Pradesh,123,39.4,1,1,65.0,164,92.8,1.822,443,1,64
3D,2,Tamil Nadu,42,18.7,1,0,59.5,90,47.5,0.75,185,0,64
3C,1,Andhra Pradesh,193,91.7,0,2,89.8,71,92.8,0.789,164,0,63
3H,4,Tamil Nadu,214,106.9,0,0,65.3,89,21.4,1.483,175,0,63
3D,2,Andhra Pradesh,187,139.9,1,0,73.8,172,22.8,1.433,218,0,62
3D,2,Madhya Pradesh,98,43.2,1,0,68.9,90,92.1,0.75,274,1,62
3C,1,Gujarat,207,3.0,0,1,69.4,47,90.5,0.522,138,0,61
3E,5,Karnataka,381,164.4,0,1,59.9,186,10.8,4.133,240,0,61
3H,4,Uttar Pradesh,226,162.2,1,2,58.3,202,33.7,3.367,337,0,59
3E,5,Madhya Pradesh,137,75.8,1,0,78.9,261,32.2,5.8,422,0,59
3A,0,Rajasthan,166,68.4,0,0,70.8,5,52.6,0.083,58,0,58
3A,0,Uttar Pradesh,7,15.4,0,2,72.9,27,23.6,0.45,51,0,57
3E,5,Madhya Pradesh,92,57.2,0,0,48.3,22,24.6,0.489,145,0,57
3C,1,Gujarat,41,3.0,0,0,85.7,68,63.8,0.756,132,0,56
3G,3,Uttar Pradesh,106,66.7,1,0,39.9,70,68.7,0.778,276,1,56
3H,4,Andhra Pradesh,165,89.7,1,0,49.2,61,25.8,1.017,164,0,55
3D,2,Uttar Pradesh,133,38.0,3,0,61.3,159,65.2,1.325,289,0,54
3A,0,Uttar Pradesh,783,460.8,2,0,44.4,39,16.6,0.65,56,1,54
3A,0,Rajasthan,128,79.9,0,1,48.8,30,10.2,0.5,40,0,54
3D,2,Gujarat,298,192.4,2,0,72.8,127,109.2,1.058,345,1,54
3A,0,Karnataka,44,30.5,1,0,59.3,17,33.7,0.283,51,0,53
3D,2,Gujarat,85,43.9,2,1,47.2,54,121.8,0.45,298,1,53
3E,5,Tamil Nadu,230,191.5,1,0,45.5,57,27.3,1.267,194,0,51
3H,4,Rajasthan,52,3.0,1,0,48.8,63,18.1,1.05,136,0,51
3C,1,Gujarat,60,3.0,2,0,48.5,107,46.0,1.189,153,1,50
3G,3,Gujarat,75,10.5,2,1,72.4,182,102.0,2.022,488,1,50
3G,3,Karnataka,460,145.2,0,1,37.1,83,23.5,0.922,154,1,50
3D,2,Rajasthan,30,3.0,1,0,49.2,114,45.2,0.95,204,0,47
3C,1,Andhra Pradesh,328,115.2,2,0,72.8,39,164.2,0.433,203,1,47
3C,1,Maharashtra,74,48.5,0,1,72.0,47,105.5,0.522,153,0,46
3D,2,Karnataka,71,3.6,3,0,81.7,21,129.2,0.175,279,0,46
3E,5,Tamil Nadu,75,25.8,1,0,77.8,323,42.1,7.178,533,1,45
3H,4,Rajasthan,224,43.5,0,2,89.5,42,86.1,0.7,386,0,44
3G,3,Madhya Pradesh,648,408.2,1,1,27.8,107,53.3,1.189,267,1,44
3G,3,Uttar Pradesh,176,90.0,0,0,61.8,71,47.7,0.789,214,0,44
3D,2,Maharashtra,503,401.9,1,1,35.5,16,64.0,0.133,144,1,43
3H,4,Karnataka,134,86.1,2,1,54.1,218,32.4,3.633,348,1,42
3D,2,Madhya Pradesh,60,49.3,4,2,51.4,138,108.6,1.15,355,1,41
3D,2,Karnataka,198,48.7,1,1,87.6,199,30.7,1.658,260,0,41
3G,3,Uttar Pradesh,224,113.2,2,1,33.4,142,30.9,1.578,235,1,41
3A,0,Tamil Nadu,63,36.0,1,0,82.8,20,29.6,0.333,50,0,41
3A,0,Uttar Pradesh,18,8.1,0,0,93.1,10,38.4,0.167,48,0,39
3E,5,Tamil Nadu,143,89.1,1,1,22.6,160,26.4,3.556,292,1,37
3A,0,Maharashtra,46,5.3,0,2,57.7,15,32.0,0.25,47,0,37
3G,3,Karnataka,46,30.4,0,0,56.9,62,14.3,0.689,105,0,36
3D,2,Gujarat,145,74.8,2,0,86.0,89,107.5,0.742,304,0,36
3E,5,Andhra Pradesh,193,84.5,0,0,91.9,121,56.5,2.689,404,0,36
3C,1,Gujarat,63,41.9,0,0,32.6,41,89.9,0.456,131,1,36
3A,0,Madhya Pradesh,181,85.8,1,1,46.7,3,41.5,0.05,44,1,35
3H,4,Gujarat,172,93.7,0,0,72.6,120,22.8,2.0,211,0,35
3H,4,Gujarat,152,67.3,1,1,64.1,256,17.5,4.267,326,0,34
3D,2,Gujarat,69,36.7,1,1,45.6,102,48.6,0.85,199,1,34
3A,0,Andhra Pradesh,66,19.6,2,0,55.4,16,18.7,0.267,35,0,34
3A,0,Tamil Nadu,30,3.0,0,0,62.4,14,40.4,0.233,54,1,34
3A,0,Tamil Nadu,32,37.8,0,0,66.6,14,19.4,0.233,33,0,34
3G,3,Rajasthan,96,55.8,0,1,45.7,108,24.7,1.2,182,0,34
3E,5,Tamil Nadu,173,61.3,0,0,76.7,38,59.9,0.844,338,0,33
3A,0,Maharashtra,64,22.4,0,0,57.3,4,12.3,0.067,16,0,32
3H,4,Uttar Pradesh,446,335.1,1,1,50.2,234,24.4,3.9,332,1,32
3A,0,Andhra Pradesh,166,80.6,1,0,74.6,35,8.9,0.583,44,0,32
3H,4,Tamil Nadu,96,61.8,1,0,37.6,152,23.1,2.533,244,0,32
3C,1,Andhra Pradesh,57,7.3,0,0,87.5,57,89.0,0.633,146,0,32
3H,4,Gujarat,176,45.0,1,0,46.5,179,23.6,2.983,274,0,32
3D,2,Andhra Pradesh,124,52.5,1,0,86.7,66,75.3,0.55,217,0,30
3C,1,Rajasthan,386,107.5,1,0,64.1,25,27.2,0.278,52,0,30
3A,0,Madhya Pradesh,62,7.7,0,0,68.1,30,19.7,0.5,50,0,29
3H,4,Andhra Pradesh,39,50.6,1,0,64.5,241,30.1,4.017,361,0,29
3G,3,Andhra Pradesh,235,131.3,2,0,26.5,145,22.6,1.611,213,1,27
3G,3,Madhya Pradesh,49,31.2,1,0,39.9,44,32.5,0.489,142,0,27
3G,3,Gujarat,90,44.9,0,1,68.2,173,51.0,1.922,326,0,26
3A,0,Rajasthan,144,120.0,1,0,63.4,12,51.8,0.2,64,0,26
3E,5,Andhra Pradesh,171,120.3,1,2,90.5,258,32.0,5.733,418,0,26
3G,3,Maharashtra,227,115.5,0,1,69.1,299,42.5,3.322,426,1,25
3E,5,Rajasthan,127,17.9,0,0,61.3,49,45.0,1.089,274,0,25
3A,0,Uttar Pradesh,275,169.4,2,1,32.6,18,10.1,0.3,28,1,25
3C,1,Andhra Pradesh,48,36.4,0,1,53.0,71,30.2,0.789,101,0,25
3C,1,Rajasthan,152,86.9,1,0,21.5,19,39.6,0.211,59,1,25
3A,0,Maharashtra,65,48.5,1,0,49.8,2,47.9,0.033,50,0,24
3A,0,Gujarat,61,3.0,0,0,48.9,4,18.4,0.067,22,0,23
3A,0,Rajasthan,901,273.3,5,3,29.7,42,28.8,0.7,71,1,23
3A,0,Gujarat,138,101.5,2,0,35.9,15,20.6,0.25,36,1,23
3D,2,Andhra Pradesh,130,17.6,2,0,31.3,21,60.5,0.175,142,1,22
3H,4,Karnataka,70,41.4,4,1,27.8,187,69.5,3.117,465,1,22
3G,3,Madhya Pradesh,107,68.7,0,0,84.9,131,88.3,1.456,396,0,21
3D,2,Uttar Pradesh,131,28.6,1,1,77.6,65,66.3,0.542,198,0,21
3D,2,Andhra Pradesh,202,137.5,1,1,45.7,211,24.0,1.758,259,1,21
3D,2,Rajasthan,50,11.0,1,1,69.8,52,92.0,0.433,236,0,20
3E,5,Maharashtra,111,11.3,5,1,46.3,383,35.6,8.511,561,1,18
3A,0,Madhya Pradesh,361,185.6,2,0,34.2,15,8.3,0.25,23,1,18
3H,4,Andhra Pradesh,287,138.6,3,1,59.4,315,57.0,5.25,543,1,17
3A,0,Rajasthan,264,69.0,2,0,87.5,10,56.5,0.167,67,0,17
3A,0,Madhya Pradesh,57,35.5,1,0,44.3,12,11.9,0.2,24,0,17
3D,2,Andhra Pradesh,530,238.3,2,0,45.9,62,69.5,0.517,201,1,17
3C,1,Karnataka,28,9.2,0,0,75.4,45,68.1,0.5,113,0,17
3G,3,Uttar Pradesh,71,34.7,2,2,36.8,53,105.4,0.589,369,1,16
3C,1,Uttar Pradesh,294,232.6,1,0,51.2,51,15.3,0.567,66,0,16
3A,0,Maharashtra,313,145.0,1,1,36.5,21,27.9,0.35,49,0,15
3A,0,Gujarat,117,39.0,1,0,60.5,19,34.7,0.317,54,0,15
3G,3,Madhya Pradesh,118,56.9,1,0,20.2,135,39.3,1.5,253,1,15
3C,1,Gujarat,265,94.6,1,0,60.7,54,51.0,0.6,105,0,15
3H,4,Andhra Pradesh,45,4.8,0,0,46.5,68,54.0,1.133,284,1,15
3G,3,Uttar Pradesh,276,92.7,0,0,58.1,135,43.9,1.5,267,0,15
3C,1,Gujarat,366,222.3,0,0,28.0,24,69.0,0.267,93,1,14
3D,2,Madhya Pradesh,587,486.5,1,1,61.4,56,47.5,0.467,151,1,14
3H,4,Karnataka,82,69.2,3,0,62.7,201,67.0,3.35,469,0,13
3G,3,Tamil Nadu,99,47.9,0,0,43.5,19,28.3,0.211,104,0,12
3G,3,Gujarat,199,86.3,0,1,37.5,202,18.8,2.244,258,1,11
3A,0,Karnataka,536,177.9,0,0,76.8,31,21.4,0.517,52,0,10
3G,3,Gujarat,48,16.4,1,0,67.4,60,83.4,0.667,310,0,9
3E,5,Tamil Nadu,84,42.6,1,0,67.0,210,16.3,4.667,291,0,7
3D,2,Tamil Nadu,170,74.4,0,1,70.6,30,42.7,0.25,115,0,7
3A,0,Uttar Pradesh,418,120.4,0,3,82.1,24,21.0,0.4,45,0,6
3C,1,Tamil Nadu,228,63.7,0,2,73.4,43,52.7,0.478,96,0,6
3H,4,Rajasthan,200,153.2,2,1,42.1,93,18.2,1.55,166,0,6
3C,1,Tamil Nadu,29,5.5,0,0,47.8,17,24.5,0.189,42,0,5
3A,0,Rajasthan,137,91.6,0,0,46.3,8,15.3,0.133,23,0,5
3E,5,Andhra Pradesh,44,3.0,2,0,34.1,50,36.2,1.111,231,1,5
3A,0,Uttar Pradesh,138,85.2,0,0,82.7,26,27.7,0.433,54,0,5
3G,3,Tamil Nadu,261,157.3,2,1,39.9,63,38.9,0.7,180,1,5
3A,0,Karnataka,45,30.9,2,0,57.4,26,33.2,0.433,59,1,4
3A,0,Rajasthan,218,90.6,2,0,60.5,18,36.8,0.3,55,0,4
3A,0,Maharashtra,55,31.9,0,0,55.6,11,29.6,0.183,41,0,4
3D,2,Karnataka,356,191.0,2,0,74.4,60,71.9,0.5,204,0,4
3C,1,Andhra Pradesh,349,36.6,0,1,29.0,59,20.9,0.656,80,1,2
3A,0,Tamil Nadu,195,69.7,0,0,49.6,8,17.6,0.133,26,0,2
3D,2,Karnataka,172,67.0,0,3,77.4,38,70.7,0.317,179,0,1
3D,2,Uttar Pradesh,96,3.1,0,0,80.9,65,50.9,0.542,167,0,1
3C,1,Madhya Pradesh,53,16.5,2,0,98.2,54,86.3,0.6,140,0,1
3C,1,Maharashtra,171,62.6,2,1,54.7,63,68.8,0.7,132,1,1
3D,2,Uttar Pradesh,627,421.1,0,0,38.3,31,48.6,0.258,128,1,0
3D,2,Gujarat,216,74.1,2,2,53.8,81,105.8,0.675,293,1,0
